--------------------------------------------------------
--  파일이 생성됨 - 수요일-11월-22-2017   
--------------------------------------------------------
--------------------------------------------------------
--  DDL for Sequence SEQ_ADMIN_LOG
--------------------------------------------------------

   CREATE SEQUENCE  "SYSOUT"."SEQ_ADMIN_LOG"  MINVALUE 1 MAXVALUE 9999999999999999999999999999 INCREMENT BY 1 START WITH 50 CACHE 20 NOORDER  NOCYCLE ;
--------------------------------------------------------
--  DDL for Sequence SEQ_DIAGNOSIS
--------------------------------------------------------

   CREATE SEQUENCE  "SYSOUT"."SEQ_DIAGNOSIS"  MINVALUE 1 MAXVALUE 9999999999999999999999999999 INCREMENT BY 1 START WITH 70 CACHE 20 NOORDER  NOCYCLE ;
--------------------------------------------------------
--  DDL for Sequence SEQ_FAQ
--------------------------------------------------------

   CREATE SEQUENCE  "SYSOUT"."SEQ_FAQ"  MINVALUE 1 MAXVALUE 9999999999999999999999999999 INCREMENT BY 1 START WITH 50 CACHE 20 NOORDER  NOCYCLE ;
--------------------------------------------------------
--  DDL for Sequence SEQ_NOTICE
--------------------------------------------------------

   CREATE SEQUENCE  "SYSOUT"."SEQ_NOTICE"  MINVALUE 1 MAXVALUE 9999999999999999999999999999 INCREMENT BY 1 START WITH 50 CACHE 20 NOORDER  NOCYCLE ;
--------------------------------------------------------
--  DDL for Sequence SEQ_QNA
--------------------------------------------------------

   CREATE SEQUENCE  "SYSOUT"."SEQ_QNA"  MINVALUE 1 MAXVALUE 9999999999999999999999999999 INCREMENT BY 1 START WITH 70 CACHE 20 NOORDER  NOCYCLE ;
--------------------------------------------------------
--  DDL for Sequence SEQ_QNA_ANSWER
--------------------------------------------------------

   CREATE SEQUENCE  "SYSOUT"."SEQ_QNA_ANSWER"  MINVALUE 1 MAXVALUE 9999999999999999999999999999 INCREMENT BY 1 START WITH 70 CACHE 20 NOORDER  NOCYCLE ;
--------------------------------------------------------
--  DDL for Sequence SEQ_RESERVATION
--------------------------------------------------------

   CREATE SEQUENCE  "SYSOUT"."SEQ_RESERVATION"  MINVALUE 1 MAXVALUE 9999999999999999999999999999 INCREMENT BY 1 START WITH 70 CACHE 20 NOORDER  NOCYCLE ;
--------------------------------------------------------
--  DDL for Sequence SEQ_SCHEDULE
--------------------------------------------------------

   CREATE SEQUENCE  "SYSOUT"."SEQ_SCHEDULE"  MINVALUE 1 MAXVALUE 9999999999999999999999999999 INCREMENT BY 1 START WITH 70 CACHE 20 NOORDER  NOCYCLE ;
--------------------------------------------------------
--  DDL for Table ADMIN
--------------------------------------------------------

  CREATE TABLE "SYSOUT"."ADMIN" 
   (	"ADMIN_CODE" CHAR(8 BYTE), 
	"ADMIN_PWD" VARCHAR2(13 BYTE), 
	"ADMIN_NAME" VARCHAR2(15 BYTE), 
	"ADMIN_ADDR" VARCHAR2(500 BYTE), 
	"ADMIN_PHONE" VARCHAR2(13 BYTE), 
	"ADMIN_EMAIL" VARCHAR2(30 BYTE), 
	"ADMIN_REG_DATE" DATE DEFAULT SYSDATE, 
	"ADMIN_BIRTH" VARCHAR2(14 BYTE), 
	"ADMIN_USE_YN" CHAR(1 BYTE) DEFAULT 'Y'
   ) SEGMENT CREATION IMMEDIATE 
  PCTFREE 10 PCTUSED 40 INITRANS 1 MAXTRANS 255 NOCOMPRESS LOGGING
  STORAGE(INITIAL 65536 NEXT 1048576 MINEXTENTS 1 MAXEXTENTS 2147483645
  PCTINCREASE 0 FREELISTS 1 FREELIST GROUPS 1 BUFFER_POOL DEFAULT FLASH_CACHE DEFAULT CELL_FLASH_CACHE DEFAULT)
  TABLESPACE "SYSTEM" ;
 

   COMMENT ON COLUMN "SYSOUT"."ADMIN"."ADMIN_CODE" IS '관리자코드';
 
   COMMENT ON COLUMN "SYSOUT"."ADMIN"."ADMIN_PWD" IS '비밀번호';
 
   COMMENT ON COLUMN "SYSOUT"."ADMIN"."ADMIN_NAME" IS '이름';
 
   COMMENT ON COLUMN "SYSOUT"."ADMIN"."ADMIN_ADDR" IS '주소';
 
   COMMENT ON COLUMN "SYSOUT"."ADMIN"."ADMIN_PHONE" IS '연락처';
 
   COMMENT ON COLUMN "SYSOUT"."ADMIN"."ADMIN_EMAIL" IS '이메일';
 
   COMMENT ON COLUMN "SYSOUT"."ADMIN"."ADMIN_REG_DATE" IS '가입일자';
 
   COMMENT ON COLUMN "SYSOUT"."ADMIN"."ADMIN_BIRTH" IS '주민등록번호';
 
   COMMENT ON COLUMN "SYSOUT"."ADMIN"."ADMIN_USE_YN" IS '탈퇴유무';
 
   COMMENT ON TABLE "SYSOUT"."ADMIN"  IS '관리자';
--------------------------------------------------------
--  DDL for Table ADMIN_LOG
--------------------------------------------------------

  CREATE TABLE "SYSOUT"."ADMIN_LOG" 
   (	"LOG_NUM" NUMBER, 
	"LOG_DATE" DATE DEFAULT SYSDATE, 
	"ADMIN_CODE" CHAR(8 BYTE)
   ) SEGMENT CREATION DEFERRED 
  PCTFREE 10 PCTUSED 40 INITRANS 1 MAXTRANS 255 NOCOMPRESS LOGGING
  TABLESPACE "SYSTEM" ;
 

   COMMENT ON COLUMN "SYSOUT"."ADMIN_LOG"."LOG_NUM" IS '접속번호';
 
   COMMENT ON COLUMN "SYSOUT"."ADMIN_LOG"."LOG_DATE" IS '로그인일자';
 
   COMMENT ON COLUMN "SYSOUT"."ADMIN_LOG"."ADMIN_CODE" IS '관리자코드';
 
   COMMENT ON TABLE "SYSOUT"."ADMIN_LOG"  IS '관리자 로그인정보';
--------------------------------------------------------
--  DDL for Table DEPART
--------------------------------------------------------

  CREATE TABLE "SYSOUT"."DEPART" 
   (	"DEPART_CODE" CHAR(5 BYTE), 
	"DEPART_NAME" VARCHAR2(100 BYTE), 
	"DEPART_FIELD" CLOB, 
	"DEPART_TEL" CHAR(12 BYTE)
   ) SEGMENT CREATION IMMEDIATE 
  PCTFREE 10 PCTUSED 40 INITRANS 1 MAXTRANS 255 NOCOMPRESS LOGGING
  STORAGE(INITIAL 65536 NEXT 1048576 MINEXTENTS 1 MAXEXTENTS 2147483645
  PCTINCREASE 0 FREELISTS 1 FREELIST GROUPS 1 BUFFER_POOL DEFAULT FLASH_CACHE DEFAULT CELL_FLASH_CACHE DEFAULT)
  TABLESPACE "SYSTEM" 
 LOB ("DEPART_FIELD") STORE AS BASICFILE (
  TABLESPACE "SYSTEM" ENABLE STORAGE IN ROW CHUNK 8192 RETENTION 
  NOCACHE LOGGING 
  STORAGE(INITIAL 65536 NEXT 1048576 MINEXTENTS 1 MAXEXTENTS 2147483645
  PCTINCREASE 0 FREELISTS 1 FREELIST GROUPS 1 BUFFER_POOL DEFAULT FLASH_CACHE DEFAULT CELL_FLASH_CACHE DEFAULT)) ;
 

   COMMENT ON COLUMN "SYSOUT"."DEPART"."DEPART_CODE" IS '진료과코드';
 
   COMMENT ON COLUMN "SYSOUT"."DEPART"."DEPART_NAME" IS '진료과이름';
 
   COMMENT ON COLUMN "SYSOUT"."DEPART"."DEPART_FIELD" IS '진료분야';
 
   COMMENT ON COLUMN "SYSOUT"."DEPART"."DEPART_TEL" IS '진료과전화번호';
 
   COMMENT ON TABLE "SYSOUT"."DEPART"  IS '진료과';
--------------------------------------------------------
--  DDL for Table DIAGNOSIS
--------------------------------------------------------

  CREATE TABLE "SYSOUT"."DIAGNOSIS" 
   (	"DIAG_NUM" NUMBER, 
	"MEM_PCODE" CHAR(8 BYTE), 
	"DOC_CODE" CHAR(8 BYTE), 
	"DIAG_DISEASE" VARCHAR2(300 BYTE), 
	"DIAG_CONTENT" CLOB, 
	"DIAG_DATE" TIMESTAMP (6) DEFAULT SYSDATE, 
	"RESERV_NUM" NUMBER
   ) SEGMENT CREATION IMMEDIATE 
  PCTFREE 10 PCTUSED 40 INITRANS 1 MAXTRANS 255 NOCOMPRESS LOGGING
  STORAGE(INITIAL 65536 NEXT 1048576 MINEXTENTS 1 MAXEXTENTS 2147483645
  PCTINCREASE 0 FREELISTS 1 FREELIST GROUPS 1 BUFFER_POOL DEFAULT FLASH_CACHE DEFAULT CELL_FLASH_CACHE DEFAULT)
  TABLESPACE "SYSTEM" 
 LOB ("DIAG_CONTENT") STORE AS BASICFILE (
  TABLESPACE "SYSTEM" ENABLE STORAGE IN ROW CHUNK 8192 RETENTION 
  NOCACHE LOGGING 
  STORAGE(INITIAL 65536 NEXT 1048576 MINEXTENTS 1 MAXEXTENTS 2147483645
  PCTINCREASE 0 FREELISTS 1 FREELIST GROUPS 1 BUFFER_POOL DEFAULT FLASH_CACHE DEFAULT CELL_FLASH_CACHE DEFAULT)) ;
 

   COMMENT ON COLUMN "SYSOUT"."DIAGNOSIS"."DIAG_NUM" IS '진료번호';
 
   COMMENT ON COLUMN "SYSOUT"."DIAGNOSIS"."MEM_PCODE" IS '환자코드';
 
   COMMENT ON COLUMN "SYSOUT"."DIAGNOSIS"."DOC_CODE" IS '의료진코드';
 
   COMMENT ON COLUMN "SYSOUT"."DIAGNOSIS"."DIAG_DISEASE" IS '질환명';
 
   COMMENT ON COLUMN "SYSOUT"."DIAGNOSIS"."DIAG_CONTENT" IS '진료내용';
 
   COMMENT ON COLUMN "SYSOUT"."DIAGNOSIS"."DIAG_DATE" IS '진료일자';
 
   COMMENT ON COLUMN "SYSOUT"."DIAGNOSIS"."RESERV_NUM" IS '예약번호';
 
   COMMENT ON TABLE "SYSOUT"."DIAGNOSIS"  IS '진료기록';
--------------------------------------------------------
--  DDL for Table DOCTOR
--------------------------------------------------------

  CREATE TABLE "SYSOUT"."DOCTOR" 
   (	"DOC_CODE" CHAR(8 BYTE), 
	"DOC_PWD" VARCHAR2(13 BYTE), 
	"DOC_NAME" VARCHAR2(15 BYTE), 
	"DOC_ADDR" VARCHAR2(500 BYTE), 
	"DOC_PHONE" CHAR(13 BYTE), 
	"DOC_EMAIL" VARCHAR2(30 BYTE), 
	"DOC_REG_DATE" DATE DEFAULT SYSDATE, 
	"DOC_BIRTH" VARCHAR2(14 BYTE), 
	"DEPART_CODE" CHAR(5 BYTE), 
	"DOC_FIELD" CLOB, 
	"DOC_IMAGE" VARCHAR2(100 BYTE), 
	"DOC_USE_YN" CHAR(1 BYTE) DEFAULT 'Y'
   ) SEGMENT CREATION IMMEDIATE 
  PCTFREE 10 PCTUSED 40 INITRANS 1 MAXTRANS 255 NOCOMPRESS LOGGING
  STORAGE(INITIAL 65536 NEXT 1048576 MINEXTENTS 1 MAXEXTENTS 2147483645
  PCTINCREASE 0 FREELISTS 1 FREELIST GROUPS 1 BUFFER_POOL DEFAULT FLASH_CACHE DEFAULT CELL_FLASH_CACHE DEFAULT)
  TABLESPACE "SYSTEM" 
 LOB ("DOC_FIELD") STORE AS BASICFILE (
  TABLESPACE "SYSTEM" ENABLE STORAGE IN ROW CHUNK 8192 RETENTION 
  NOCACHE LOGGING 
  STORAGE(INITIAL 65536 NEXT 1048576 MINEXTENTS 1 MAXEXTENTS 2147483645
  PCTINCREASE 0 FREELISTS 1 FREELIST GROUPS 1 BUFFER_POOL DEFAULT FLASH_CACHE DEFAULT CELL_FLASH_CACHE DEFAULT)) ;
 

   COMMENT ON COLUMN "SYSOUT"."DOCTOR"."DOC_CODE" IS '의료진코드';
 
   COMMENT ON COLUMN "SYSOUT"."DOCTOR"."DOC_PWD" IS '비밀번호';
 
   COMMENT ON COLUMN "SYSOUT"."DOCTOR"."DOC_NAME" IS '이름';
 
   COMMENT ON COLUMN "SYSOUT"."DOCTOR"."DOC_ADDR" IS '주소';
 
   COMMENT ON COLUMN "SYSOUT"."DOCTOR"."DOC_PHONE" IS '연락처';
 
   COMMENT ON COLUMN "SYSOUT"."DOCTOR"."DOC_EMAIL" IS '이메일';
 
   COMMENT ON COLUMN "SYSOUT"."DOCTOR"."DOC_REG_DATE" IS '가입일자';
 
   COMMENT ON COLUMN "SYSOUT"."DOCTOR"."DOC_BIRTH" IS '주민등록번호';
 
   COMMENT ON COLUMN "SYSOUT"."DOCTOR"."DEPART_CODE" IS '진료과코드';
 
   COMMENT ON COLUMN "SYSOUT"."DOCTOR"."DOC_FIELD" IS '진료분야';
 
   COMMENT ON COLUMN "SYSOUT"."DOCTOR"."DOC_IMAGE" IS '사진저장이름';
 
   COMMENT ON COLUMN "SYSOUT"."DOCTOR"."DOC_USE_YN" IS '탈퇴유무';
 
   COMMENT ON TABLE "SYSOUT"."DOCTOR"  IS '의료진정보';
--------------------------------------------------------
--  DDL for Table MEMBER
--------------------------------------------------------

  CREATE TABLE "SYSOUT"."MEMBER" 
   (	"MEM_ID" VARCHAR2(13 BYTE), 
	"MEM_PWD" VARCHAR2(13 BYTE), 
	"MEM_NAME" VARCHAR2(15 BYTE), 
	"MEM_ADDR" VARCHAR2(500 BYTE), 
	"MEM_PHONE" CHAR(14 BYTE), 
	"MEM_EMAIL" VARCHAR2(30 BYTE), 
	"MEM_REG_DATE" DATE DEFAULT SYSDATE, 
	"MEM_BIRTH" VARCHAR2(14 BYTE), 
	"MEM_USE_YN" CHAR(1 BYTE) DEFAULT 'Y', 
	"MEM_PCODE" CHAR(8 BYTE)
   ) SEGMENT CREATION IMMEDIATE 
  PCTFREE 10 PCTUSED 40 INITRANS 1 MAXTRANS 255 NOCOMPRESS LOGGING
  STORAGE(INITIAL 65536 NEXT 1048576 MINEXTENTS 1 MAXEXTENTS 2147483645
  PCTINCREASE 0 FREELISTS 1 FREELIST GROUPS 1 BUFFER_POOL DEFAULT FLASH_CACHE DEFAULT CELL_FLASH_CACHE DEFAULT)
  TABLESPACE "SYSTEM" ;
 

   COMMENT ON COLUMN "SYSOUT"."MEMBER"."MEM_ID" IS '사용자아이디';
 
   COMMENT ON COLUMN "SYSOUT"."MEMBER"."MEM_PWD" IS '비밀번호';
 
   COMMENT ON COLUMN "SYSOUT"."MEMBER"."MEM_NAME" IS '이름';
 
   COMMENT ON COLUMN "SYSOUT"."MEMBER"."MEM_ADDR" IS '주소';
 
   COMMENT ON COLUMN "SYSOUT"."MEMBER"."MEM_PHONE" IS '연락처';
 
   COMMENT ON COLUMN "SYSOUT"."MEMBER"."MEM_EMAIL" IS '이메일';
 
   COMMENT ON COLUMN "SYSOUT"."MEMBER"."MEM_REG_DATE" IS '가입일자';
 
   COMMENT ON COLUMN "SYSOUT"."MEMBER"."MEM_BIRTH" IS '주민등록번호';
 
   COMMENT ON COLUMN "SYSOUT"."MEMBER"."MEM_USE_YN" IS '탈퇴유무';
 
   COMMENT ON COLUMN "SYSOUT"."MEMBER"."MEM_PCODE" IS '환자코드';
 
   COMMENT ON TABLE "SYSOUT"."MEMBER"  IS '사용자정보';
--------------------------------------------------------
--  DDL for Table NOTICE
--------------------------------------------------------

  CREATE TABLE "SYSOUT"."NOTICE" 
   (	"NOTICE_NUM" NUMBER, 
	"ADMIN_CODE" CHAR(8 BYTE), 
	"NOTICE_TITLE" VARCHAR2(500 BYTE), 
	"NOTICE_CONTENT" CLOB, 
	"NOTICE_REG_DATE" DATE DEFAULT SYSDATE, 
	"NOTICE_HIT" NUMBER DEFAULT 0, 
	"NOTICE_FILE" VARCHAR2(100 BYTE)
   ) SEGMENT CREATION IMMEDIATE 
  PCTFREE 10 PCTUSED 40 INITRANS 1 MAXTRANS 255 NOCOMPRESS LOGGING
  STORAGE(INITIAL 65536 NEXT 1048576 MINEXTENTS 1 MAXEXTENTS 2147483645
  PCTINCREASE 0 FREELISTS 1 FREELIST GROUPS 1 BUFFER_POOL DEFAULT FLASH_CACHE DEFAULT CELL_FLASH_CACHE DEFAULT)
  TABLESPACE "SYSTEM" 
 LOB ("NOTICE_CONTENT") STORE AS BASICFILE (
  TABLESPACE "SYSTEM" ENABLE STORAGE IN ROW CHUNK 8192 RETENTION 
  NOCACHE LOGGING 
  STORAGE(INITIAL 65536 NEXT 1048576 MINEXTENTS 1 MAXEXTENTS 2147483645
  PCTINCREASE 0 FREELISTS 1 FREELIST GROUPS 1 BUFFER_POOL DEFAULT FLASH_CACHE DEFAULT CELL_FLASH_CACHE DEFAULT)) ;
 

   COMMENT ON COLUMN "SYSOUT"."NOTICE"."NOTICE_NUM" IS '공지사항번호';
 
   COMMENT ON COLUMN "SYSOUT"."NOTICE"."ADMIN_CODE" IS '관리자코드';
 
   COMMENT ON COLUMN "SYSOUT"."NOTICE"."NOTICE_TITLE" IS '제목';
 
   COMMENT ON COLUMN "SYSOUT"."NOTICE"."NOTICE_CONTENT" IS '내용';
 
   COMMENT ON COLUMN "SYSOUT"."NOTICE"."NOTICE_REG_DATE" IS '등록일자';
 
   COMMENT ON COLUMN "SYSOUT"."NOTICE"."NOTICE_HIT" IS '조회수';
 
   COMMENT ON COLUMN "SYSOUT"."NOTICE"."NOTICE_FILE" IS '파일이름';
 
   COMMENT ON TABLE "SYSOUT"."NOTICE"  IS '공지사항';
--------------------------------------------------------
--  DDL for Table QNA
--------------------------------------------------------

  CREATE TABLE "SYSOUT"."QNA" 
   (	"QNA_NUM" NUMBER, 
	"MEM_ID" VARCHAR2(13 BYTE), 
	"QNA_TITLE" VARCHAR2(500 BYTE), 
	"QNA_CONTENT" CLOB, 
	"QNA_REG_DATE" DATE DEFAULT SYSDATE, 
	"QNA_STATUS" VARCHAR2(20 BYTE) DEFAULT '답변대기', 
	"QNA_OPEN_YN" CHAR(1 BYTE), 
	"QNA_HIT" NUMBER DEFAULT 0
   ) SEGMENT CREATION IMMEDIATE 
  PCTFREE 10 PCTUSED 40 INITRANS 1 MAXTRANS 255 NOCOMPRESS LOGGING
  STORAGE(INITIAL 65536 NEXT 1048576 MINEXTENTS 1 MAXEXTENTS 2147483645
  PCTINCREASE 0 FREELISTS 1 FREELIST GROUPS 1 BUFFER_POOL DEFAULT FLASH_CACHE DEFAULT CELL_FLASH_CACHE DEFAULT)
  TABLESPACE "SYSTEM" 
 LOB ("QNA_CONTENT") STORE AS BASICFILE (
  TABLESPACE "SYSTEM" ENABLE STORAGE IN ROW CHUNK 8192 RETENTION 
  NOCACHE LOGGING 
  STORAGE(INITIAL 65536 NEXT 1048576 MINEXTENTS 1 MAXEXTENTS 2147483645
  PCTINCREASE 0 FREELISTS 1 FREELIST GROUPS 1 BUFFER_POOL DEFAULT FLASH_CACHE DEFAULT CELL_FLASH_CACHE DEFAULT)) ;
 

   COMMENT ON COLUMN "SYSOUT"."QNA"."QNA_NUM" IS 'QNA번호';
 
   COMMENT ON COLUMN "SYSOUT"."QNA"."MEM_ID" IS '사용자아이디';
 
   COMMENT ON COLUMN "SYSOUT"."QNA"."QNA_TITLE" IS '제목';
 
   COMMENT ON COLUMN "SYSOUT"."QNA"."QNA_CONTENT" IS '내용';
 
   COMMENT ON COLUMN "SYSOUT"."QNA"."QNA_REG_DATE" IS '등록일자';
 
   COMMENT ON COLUMN "SYSOUT"."QNA"."QNA_STATUS" IS '답변상태';
 
   COMMENT ON COLUMN "SYSOUT"."QNA"."QNA_OPEN_YN" IS '공개여부';
 
   COMMENT ON COLUMN "SYSOUT"."QNA"."QNA_HIT" IS '조회수';
 
   COMMENT ON TABLE "SYSOUT"."QNA"  IS 'QNA';
--------------------------------------------------------
--  DDL for Table QNA_ANSWER
--------------------------------------------------------

  CREATE TABLE "SYSOUT"."QNA_ANSWER" 
   (	"ANSWER_NUM" NUMBER, 
	"QNA_NUM" NUMBER, 
	"ANSWER_CONTENT" CLOB
   ) SEGMENT CREATION IMMEDIATE 
  PCTFREE 10 PCTUSED 40 INITRANS 1 MAXTRANS 255 NOCOMPRESS LOGGING
  STORAGE(INITIAL 65536 NEXT 1048576 MINEXTENTS 1 MAXEXTENTS 2147483645
  PCTINCREASE 0 FREELISTS 1 FREELIST GROUPS 1 BUFFER_POOL DEFAULT FLASH_CACHE DEFAULT CELL_FLASH_CACHE DEFAULT)
  TABLESPACE "SYSTEM" 
 LOB ("ANSWER_CONTENT") STORE AS BASICFILE (
  TABLESPACE "SYSTEM" ENABLE STORAGE IN ROW CHUNK 8192 RETENTION 
  NOCACHE LOGGING 
  STORAGE(INITIAL 65536 NEXT 1048576 MINEXTENTS 1 MAXEXTENTS 2147483645
  PCTINCREASE 0 FREELISTS 1 FREELIST GROUPS 1 BUFFER_POOL DEFAULT FLASH_CACHE DEFAULT CELL_FLASH_CACHE DEFAULT)) ;
 

   COMMENT ON COLUMN "SYSOUT"."QNA_ANSWER"."ANSWER_NUM" IS '답변번호';
 
   COMMENT ON COLUMN "SYSOUT"."QNA_ANSWER"."QNA_NUM" IS 'QNA번호';
 
   COMMENT ON COLUMN "SYSOUT"."QNA_ANSWER"."ANSWER_CONTENT" IS '답변내용';
 
   COMMENT ON TABLE "SYSOUT"."QNA_ANSWER"  IS 'QNA 답변';
--------------------------------------------------------
--  DDL for Table RESERVATION
--------------------------------------------------------

  CREATE TABLE "SYSOUT"."RESERVATION" 
   (	"RESERV_NUM" NUMBER, 
	"RESERV_DATE" TIMESTAMP (6) DEFAULT SYSDATE, 
	"DOC_CODE" CHAR(8 BYTE), 
	"MEM_PCODE" CHAR(8 BYTE), 
	"RESERV_SYMPTOM" CLOB, 
	"RESERV_STATUS" VARCHAR2(12 BYTE) DEFAULT '예약'
   ) SEGMENT CREATION IMMEDIATE 
  PCTFREE 10 PCTUSED 40 INITRANS 1 MAXTRANS 255 NOCOMPRESS LOGGING
  STORAGE(INITIAL 65536 NEXT 1048576 MINEXTENTS 1 MAXEXTENTS 2147483645
  PCTINCREASE 0 FREELISTS 1 FREELIST GROUPS 1 BUFFER_POOL DEFAULT FLASH_CACHE DEFAULT CELL_FLASH_CACHE DEFAULT)
  TABLESPACE "SYSTEM" 
 LOB ("RESERV_SYMPTOM") STORE AS BASICFILE (
  TABLESPACE "SYSTEM" ENABLE STORAGE IN ROW CHUNK 8192 RETENTION 
  NOCACHE LOGGING 
  STORAGE(INITIAL 65536 NEXT 1048576 MINEXTENTS 1 MAXEXTENTS 2147483645
  PCTINCREASE 0 FREELISTS 1 FREELIST GROUPS 1 BUFFER_POOL DEFAULT FLASH_CACHE DEFAULT CELL_FLASH_CACHE DEFAULT)) ;
 

   COMMENT ON COLUMN "SYSOUT"."RESERVATION"."RESERV_NUM" IS '예약번호';
 
   COMMENT ON COLUMN "SYSOUT"."RESERVATION"."RESERV_DATE" IS '예약시간';
 
   COMMENT ON COLUMN "SYSOUT"."RESERVATION"."DOC_CODE" IS '의료진코드';
 
   COMMENT ON COLUMN "SYSOUT"."RESERVATION"."MEM_PCODE" IS '환자코드';
 
   COMMENT ON COLUMN "SYSOUT"."RESERVATION"."RESERV_SYMPTOM" IS '증상';
 
   COMMENT ON COLUMN "SYSOUT"."RESERVATION"."RESERV_STATUS" IS '예약상태';
 
   COMMENT ON TABLE "SYSOUT"."RESERVATION"  IS '예약';
--------------------------------------------------------
--  DDL for Table SCHEDULE
--------------------------------------------------------

  CREATE TABLE "SYSOUT"."SCHEDULE" 
   (	"SCHEDULE_NUM" NUMBER, 
	"SCHEDULE_REG_DATE" DATE DEFAULT SYSDATE, 
	"SCHEDULE_START_DATE" DATE, 
	"SCHEDULE_END_DATE" DATE, 
	"SCHEDULE_REASON" CLOB, 
	"DOC_CODE" CHAR(8 BYTE), 
	"SCHEDULE_PERMIT_YN" CHAR(1 BYTE) DEFAULT 'R', 
	"SCHEDULE_DEL_YN" CHAR(1 BYTE) DEFAULT 'N'
   ) SEGMENT CREATION IMMEDIATE 
  PCTFREE 10 PCTUSED 40 INITRANS 1 MAXTRANS 255 NOCOMPRESS LOGGING
  STORAGE(INITIAL 65536 NEXT 1048576 MINEXTENTS 1 MAXEXTENTS 2147483645
  PCTINCREASE 0 FREELISTS 1 FREELIST GROUPS 1 BUFFER_POOL DEFAULT FLASH_CACHE DEFAULT CELL_FLASH_CACHE DEFAULT)
  TABLESPACE "SYSTEM" 
 LOB ("SCHEDULE_REASON") STORE AS BASICFILE "SYS_LOB0000075834C00002$$"(
  TABLESPACE "SYSTEM" ENABLE STORAGE IN ROW CHUNK 8192 RETENTION 
  NOCACHE LOGGING 
  STORAGE(INITIAL 65536 NEXT 1048576 MINEXTENTS 1 MAXEXTENTS 2147483645
  PCTINCREASE 0 FREELISTS 1 FREELIST GROUPS 1 BUFFER_POOL DEFAULT FLASH_CACHE DEFAULT CELL_FLASH_CACHE DEFAULT)) ;
 

   COMMENT ON COLUMN "SYSOUT"."SCHEDULE"."SCHEDULE_NUM" IS '휴가번호';
 
   COMMENT ON COLUMN "SYSOUT"."SCHEDULE"."SCHEDULE_REG_DATE" IS '휴가등록일자';
 
   COMMENT ON COLUMN "SYSOUT"."SCHEDULE"."SCHEDULE_START_DATE" IS '휴가시작일자';
 
   COMMENT ON COLUMN "SYSOUT"."SCHEDULE"."SCHEDULE_END_DATE" IS '휴가종료일자';
 
   COMMENT ON COLUMN "SYSOUT"."SCHEDULE"."SCHEDULE_REASON" IS '휴가사유';
 
   COMMENT ON COLUMN "SYSOUT"."SCHEDULE"."DOC_CODE" IS '의료진코드';
 
   COMMENT ON COLUMN "SYSOUT"."SCHEDULE"."SCHEDULE_PERMIT_YN" IS '승인여부';
 
   COMMENT ON COLUMN "SYSOUT"."SCHEDULE"."SCHEDULE_DEL_YN" IS '삭제여부';
 
   COMMENT ON TABLE "SYSOUT"."SCHEDULE"  IS '의료진일정';
--------------------------------------------------------
--  DDL for View DIAG_VIEW
--------------------------------------------------------

  CREATE OR REPLACE FORCE VIEW "SYSOUT"."DIAG_VIEW" ("DIAG_NUM", "MEM_PCODE", "DOC_CODE", "DIAG_DISEASE", "DIAG_CONTENT", "DIAG_DATE", "RESERV_NUM", "DOC_IMAGE", "DOC_NAME", "DEPART_NAME", "DEPART_TEL", "MEM_NAME") AS 
  select a."DIAG_NUM",a."MEM_PCODE",a."DOC_CODE",a."DIAG_DISEASE",a."DIAG_CONTENT",a."DIAG_DATE",a."RESERV_NUM", B.DOC_IMAGE, b.DOC_NAME, c.DEPART_NAME, c.DEPART_TEL, d.MEM_NAME
from diagnosis a, doctor b, depart c, member d
where a.DOC_CODE = b.DOC_CODE and b.DEPART_CODE = c.DEPART_CODE and b.DOC_USE_YN = 'Y' and a.MEM_PCODE = d.MEM_PCODE;
--------------------------------------------------------
--  DDL for View DOC_VIEW
--------------------------------------------------------

  CREATE OR REPLACE FORCE VIEW "SYSOUT"."DOC_VIEW" ("DOC_CODE", "DOC_PWD", "DOC_NAME", "DOC_ADDR", "DOC_PHONE", "DOC_EMAIL", "DOC_REG_DATE", "DOC_BIRTH", "DEPART_CODE", "DOC_FIELD", "DOC_IMAGE", "DOC_USE_YN", "DEPART_NAME", "DEPART_TEL") AS 
  select a."DOC_CODE",a."DOC_PWD",a."DOC_NAME",a."DOC_ADDR",a."DOC_PHONE",a."DOC_EMAIL",a."DOC_REG_DATE",a."DOC_BIRTH",a."DEPART_CODE",a."DOC_FIELD",a."DOC_IMAGE",a."DOC_USE_YN", b.DEPART_NAME, b.DEPART_TEL
from doctor a, depart b
where a.DEPART_CODE = b.DEPART_CODE and a.DOC_USE_YN = 'Y';
--------------------------------------------------------
--  DDL for View QNA_VIEW
--------------------------------------------------------

  CREATE OR REPLACE FORCE VIEW "SYSOUT"."QNA_VIEW" ("QNA_NUM", "MEM_ID", "QNA_TITLE", "QNA_CONTENT", "QNA_REG_DATE", "QNA_STATUS", "QNA_OPEN_YN", "QNA_HIT", "ANSWER_CONTENT", "MEM_NAME") AS 
  select a."QNA_NUM",a."MEM_ID",a."QNA_TITLE",a."QNA_CONTENT",a."QNA_REG_DATE",a."QNA_STATUS",a."QNA_OPEN_YN",a."QNA_HIT",b.ANSWER_CONTENT,c.MEM_NAME
from qna a, qna_answer b, member c
where a.MEM_ID = c.MEM_ID and a.QNA_NUM = b.QNA_NUM(+);
--------------------------------------------------------
--  DDL for View RESERV_VIEW
--------------------------------------------------------

  CREATE OR REPLACE FORCE VIEW "SYSOUT"."RESERV_VIEW" ("RESERV_NUM", "RESERV_DATE", "DOC_CODE", "MEM_PCODE", "RESERV_SYMPTOM", "RESERV_STATUS", "DOC_NAME", "DOC_FIELD", "DOC_PHONE", "DOC_IMAGE", "DEPART_NAME", "DEPART_TEL", "MEM_NAME", "MEM_PHONE") AS 
  select a."RESERV_NUM",a."RESERV_DATE",a."DOC_CODE",a."MEM_PCODE",a."RESERV_SYMPTOM",a."RESERV_STATUS", b.DOC_NAME, b.DOC_FIELD, b.DOC_PHONE, B.DOC_IMAGE, c.DEPART_NAME, c.DEPART_TEL, d.MEM_NAME, d.MEM_PHONE
from reservation a, doctor b, depart c, member d
where a.DOC_CODE = b.DOC_CODE and b.DEPART_CODE = c.DEPART_CODE and b.DOC_USE_YN = 'Y' and a.MEM_PCODE = d.MEM_PCODE;
--------------------------------------------------------
--  DDL for View SCHEDULE_VIEW
--------------------------------------------------------

  CREATE OR REPLACE FORCE VIEW "SYSOUT"."SCHEDULE_VIEW" ("SCHEDULE_NUM", "SCHEDULE_REG_DATE", "SCHEDULE_START_DATE", "SCHEDULE_END_DATE", "SCHEDULE_REASON", "DOC_CODE", "SCHEDULE_PERMIT_YN", "SCHEDULE_DEL_YN", "DOC_NAME", "DEPART_NAME") AS 
  select a."SCHEDULE_NUM",a."SCHEDULE_REG_DATE",a."SCHEDULE_START_DATE",a."SCHEDULE_END_DATE",a."SCHEDULE_REASON",a."DOC_CODE",a."SCHEDULE_PERMIT_YN",a."SCHEDULE_DEL_YN", b.DOC_NAME, c.DEPART_NAME
from schedule a, doctor b, depart c
where a.DOC_CODE = b.DOC_CODE and b.DEPART_CODE = c.DEPART_CODE and a.SCHEDULE_DEL_YN = 'N';
REM INSERTING into SYSOUT.ADMIN
SET DEFINE OFF;
Insert into SYSOUT.ADMIN (ADMIN_CODE,ADMIN_PWD,ADMIN_NAME,ADMIN_ADDR,ADMIN_PHONE,ADMIN_EMAIL,ADMIN_REG_DATE,ADMIN_BIRTH,ADMIN_USE_YN) values ('ADMIN001','ADMIN001','홍길동','서울특별시 강남구 일원로 81 삼성의료원   
지번 서울특별시 강남구 일원동 50','01011110123','josn@naver.com',to_date('2017/11/21','YYYY/MM/DD'),'910422-1412345','Y');
Insert into SYSOUT.ADMIN (ADMIN_CODE,ADMIN_PWD,ADMIN_NAME,ADMIN_ADDR,ADMIN_PHONE,ADMIN_EMAIL,ADMIN_REG_DATE,ADMIN_BIRTH,ADMIN_USE_YN) values ('ADMIN002','ADMIN002','춘자','서울특별시 강남구 일원로 81 삼성의료원   
지번 서울특별시 강남구 일원동 50','01023455674','cnswk@naver.com',to_date('2017/11/21','YYYY/MM/DD'),'930211-2423412','Y');
REM INSERTING into SYSOUT.ADMIN_LOG
SET DEFINE OFF;
REM INSERTING into SYSOUT.DEPART
SET DEFINE OFF;
Insert into SYSOUT.DEPART (DEPART_CODE,DEPART_NAME,DEPART_TEL) values ('PD09 ','소아청년과','41-001      ');
Insert into SYSOUT.DEPART (DEPART_CODE,DEPART_NAME,DEPART_TEL) values ('SG13 ','외과','52-001      ');
Insert into SYSOUT.DEPART (DEPART_CODE,DEPART_NAME,DEPART_TEL) values ('O012 ','안과','42-003      ');
Insert into SYSOUT.DEPART (DEPART_CODE,DEPART_NAME,DEPART_TEL) values ('NR10 ','신경과','12-001      ');
Insert into SYSOUT.DEPART (DEPART_CODE,DEPART_NAME,DEPART_TEL) values ('OL14 ','이비인후과','52-003      ');
Insert into SYSOUT.DEPART (DEPART_CODE,DEPART_NAME,DEPART_TEL) values ('DM19 ','피부과','43-005      ');
Insert into SYSOUT.DEPART (DEPART_CODE,DEPART_NAME,DEPART_TEL) values ('RM15 ','재활의학과','32-007      ');
REM INSERTING into SYSOUT.DIAGNOSIS
SET DEFINE OFF;
Insert into SYSOUT.DIAGNOSIS (DIAG_NUM,MEM_PCODE,DOC_CODE,DIAG_DISEASE,DIAG_DATE,RESERV_NUM) values (3,'59948528','DM782752','화상',to_timestamp('17/11/22 09:50:00.701000000','RR/MM/DD HH24:MI:SSXFF'),3);
Insert into SYSOUT.DIAGNOSIS (DIAG_NUM,MEM_PCODE,DOC_CODE,DIAG_DISEASE,DIAG_DATE,RESERV_NUM) values (1,'48797728','DM782752','감기',to_timestamp('17/11/21 16:20:00.762000000','RR/MM/DD HH24:MI:SSXFF'),1);
Insert into SYSOUT.DIAGNOSIS (DIAG_NUM,MEM_PCODE,DOC_CODE,DIAG_DISEASE,DIAG_DATE,RESERV_NUM) values (2,'85533928','DM782752','아토피',to_timestamp('17/11/22 16:50:00.878000000','RR/MM/DD HH24:MI:SSXFF'),2);
Insert into SYSOUT.DIAGNOSIS (DIAG_NUM,MEM_PCODE,DOC_CODE,DIAG_DISEASE,DIAG_DATE,RESERV_NUM) values (4,'46036797','DM782752','알레르기',to_timestamp('17/11/22 10:20:00.000000000','RR/MM/DD HH24:MI:SSXFF'),4);
Insert into SYSOUT.DIAGNOSIS (DIAG_NUM,MEM_PCODE,DOC_CODE,DIAG_DISEASE,DIAG_DATE,RESERV_NUM) values (5,'70556820','SG921627','치질',to_timestamp('17/11/16 03:50:18.310000000','RR/MM/DD HH24:MI:SSXFF'),11);
Insert into SYSOUT.DIAGNOSIS (DIAG_NUM,MEM_PCODE,DOC_CODE,DIAG_DISEASE,DIAG_DATE,RESERV_NUM) values (6,'70556820','RM911658','두통',to_timestamp('17/11/10 02:50:46.944000000','RR/MM/DD HH24:MI:SSXFF'),12);
Insert into SYSOUT.DIAGNOSIS (DIAG_NUM,MEM_PCODE,DOC_CODE,DIAG_DISEASE,DIAG_DATE,RESERV_NUM) values (50,'29622247','DM782752','진단',to_timestamp('17/11/22 15:16:30.000000000','RR/MM/DD HH24:MI:SSXFF'),6);
REM INSERTING into SYSOUT.DOCTOR
SET DEFINE OFF;
Insert into SYSOUT.DOCTOR (DOC_CODE,DOC_PWD,DOC_NAME,DOC_ADDR,DOC_PHONE,DOC_EMAIL,DOC_REG_DATE,DOC_BIRTH,DEPART_CODE,DOC_IMAGE,DOC_USE_YN) values ('NR981057','890890','김청정','[06266]서울 강남구 강남대로 254 (도곡동, 용문빌딩)23','01078546645  ','wefqaz@nate.com',to_date('2017/11/21','YYYY/MM/DD'),'987811-1456789','NR10 ','doctor_image.jpg','Y');
Insert into SYSOUT.DOCTOR (DOC_CODE,DOC_PWD,DOC_NAME,DOC_ADDR,DOC_PHONE,DOC_EMAIL,DOC_REG_DATE,DOC_BIRTH,DEPART_CODE,DOC_IMAGE,DOC_USE_YN) values ('SG921627','yhnyhn','박하설','[42499]대구 남구 대덕초등길 6 (대명동)1','01078564545  ','23rwefd@netian.com',to_date('2017/11/21','YYYY/MM/DD'),'923112-1412412','SG13 ','doctor_image2.jpg','Y');
Insert into SYSOUT.DOCTOR (DOC_CODE,DOC_PWD,DOC_NAME,DOC_ADDR,DOC_PHONE,DOC_EMAIL,DOC_REG_DATE,DOC_BIRTH,DEPART_CODE,DOC_IMAGE,DOC_USE_YN) values ('PD784781','iopiop','유해청','[46769]부산 강서구 가덕해안로 3-1 (성북동)3','01046732345  ','qewfa@hanafos.com',to_date('2017/11/21','YYYY/MM/DD'),'789123-4356324','PD09 ','doctor_image3.jpg','Y');
Insert into SYSOUT.DOCTOR (DOC_CODE,DOC_PWD,DOC_NAME,DOC_ADDR,DOC_PHONE,DOC_EMAIL,DOC_REG_DATE,DOC_BIRTH,DEPART_CODE,DOC_IMAGE,DOC_USE_YN) values ('OL789427','tgbtgb','임철용','[34443]대전 대덕구 대전천북로 186 (오정동)32','01045231123  ','youqa@korea.com',to_date('2017/11/21','YYYY/MM/DD'),'789679-9123123','OL14 ','doctor_image4.jpg','Y');
Insert into SYSOUT.DOCTOR (DOC_CODE,DOC_PWD,DOC_NAME,DOC_ADDR,DOC_PHONE,DOC_EMAIL,DOC_REG_DATE,DOC_BIRTH,DEPART_CODE,DOC_IMAGE,DOC_USE_YN) values ('DM782752','123123','박해준','[01689]서울 노원구 상계로 26 (상계동, 에쿠스)1','01032453465  ','dwfwq@hanafos.com',to_date('2017/11/21','YYYY/MM/DD'),'786796-1341234','DM19 ','doctor_image7.jpg','Y');
Insert into SYSOUT.DOCTOR (DOC_CODE,DOC_PWD,DOC_NAME,DOC_ADDR,DOC_PHONE,DOC_EMAIL,DOC_REG_DATE,DOC_BIRTH,DEPART_CODE,DOC_IMAGE,DOC_USE_YN) values ('DM891974','yuiyui','김장벽','[48060]부산 해운대구 APEC로 55 (우동, 벡스코)22','01099876654  ','efvq@nate.com',to_date('2017/11/21','YYYY/MM/DD'),'890722-1343246','DM19 ','doctor_image5.jpg','Y');
Insert into SYSOUT.DOCTOR (DOC_CODE,DOC_PWD,DOC_NAME,DOC_ADDR,DOC_PHONE,DOC_EMAIL,DOC_REG_DATE,DOC_BIRTH,DEPART_CODE,DOC_IMAGE,DOC_USE_YN) values ('O0881531','465465','미영청','[06267]서울 강남구 강남대로 242 (도곡동, 크리스탈빌딩)1','01044552212  ','wq2ewq@empal.com',to_date('2017/11/21','YYYY/MM/DD'),'880412-1424364','O012 ','doctor_image6.jpg','Y');
Insert into SYSOUT.DOCTOR (DOC_CODE,DOC_PWD,DOC_NAME,DOC_ADDR,DOC_PHONE,DOC_EMAIL,DOC_REG_DATE,DOC_BIRTH,DEPART_CODE,DOC_IMAGE,DOC_USE_YN) values ('RM911658','jon123','손창준','[24904]강원 속초시 골말길 5 (도문동)5','01045642312  ','lkuyr@chol.com',to_date('2017/11/21','YYYY/MM/DD'),'911723-1446345','RM15 ','doctor_image8.jpg','Y');
Insert into SYSOUT.DOCTOR (DOC_CODE,DOC_PWD,DOC_NAME,DOC_ADDR,DOC_PHONE,DOC_EMAIL,DOC_REG_DATE,DOC_BIRTH,DEPART_CODE,DOC_IMAGE,DOC_USE_YN) values ('DM921420','asd','asdasd','[34085]대전 유성구 노은동로 153 (지족동)123214','01012321231  ','asdasd@naver.com',to_date('2017/11/22','YYYY/MM/DD'),'921232-1231231','DM19 ','f44c257a-d9c8-44f6-abac-15c486e76117_Desert.jpg','Y');
REM INSERTING into SYSOUT.MEMBER
SET DEFINE OFF;
Insert into SYSOUT.MEMBER (MEM_ID,MEM_PWD,MEM_NAME,MEM_ADDR,MEM_PHONE,MEM_EMAIL,MEM_REG_DATE,MEM_BIRTH,MEM_USE_YN,MEM_PCODE) values ('IronMan','iron123','토니스타크','[06267] 서울 강남구 도곡동 953-1 6','01054682345   ','IronMan@hanafos.com',to_date('2017/11/20','YYYY/MM/DD'),'865321-1342545','Y','59948528');
Insert into SYSOUT.MEMBER (MEM_ID,MEM_PWD,MEM_NAME,MEM_ADDR,MEM_PHONE,MEM_EMAIL,MEM_REG_DATE,MEM_BIRTH,MEM_USE_YN,MEM_PCODE) values ('thor','thorqwe','토르','[46716] 부산 강서구 강동송백1길 7 (강동동) 42','01069752342   ','thor@hanafos.com',to_date('2017/11/20','YYYY/MM/DD'),'812324-1454329','N','70556820');
Insert into SYSOUT.MEMBER (MEM_ID,MEM_PWD,MEM_NAME,MEM_ADDR,MEM_PHONE,MEM_EMAIL,MEM_REG_DATE,MEM_BIRTH,MEM_USE_YN,MEM_PCODE) values ('betman','betman777','베트맨','[34411] 대전 대덕구 계족산로 1 (중리동, 하나로병원) 1','01076435622   ','betman@nate.com',to_date('2017/11/21','YYYY/MM/DD'),'923829-1456796','Y','48797728');
Insert into SYSOUT.MEMBER (MEM_ID,MEM_PWD,MEM_NAME,MEM_ADDR,MEM_PHONE,MEM_EMAIL,MEM_REG_DATE,MEM_BIRTH,MEM_USE_YN,MEM_PCODE) values ('opaowq','dlcjd1','이계청','[41596] 대구 북구 고성북로 3 (고성동2가, 고성아파트) 6','01031231234   ','dlcjd@nate.com',to_date('2017/11/21','YYYY/MM/DD'),'892311-2469031','Y','16579132');
Insert into SYSOUT.MEMBER (MEM_ID,MEM_PWD,MEM_NAME,MEM_ADDR,MEM_PHONE,MEM_EMAIL,MEM_REG_DATE,MEM_BIRTH,MEM_USE_YN,MEM_PCODE) values ('hoon18','hooon123123','이형성','[24904] 강원 속초시 골말길 112 (도문동) 54','01087657876   ','hoon18@hanmail.net',to_date('2017/11/21','YYYY/MM/DD'),'960126-2423446','Y','85533928');
Insert into SYSOUT.MEMBER (MEM_ID,MEM_PWD,MEM_NAME,MEM_ADDR,MEM_PHONE,MEM_EMAIL,MEM_REG_DATE,MEM_BIRTH,MEM_USE_YN,MEM_PCODE) values ('rosfull','123123','홍길동','[06281] 서울 강남구 남부순환로 2907 (대치동, 대치지구대) 23','01056346773   ','rofuoq@hitel.net',to_date('2017/11/20','YYYY/MM/DD'),'934123-1402013','Y','31820326');
Insert into SYSOUT.MEMBER (MEM_ID,MEM_PWD,MEM_NAME,MEM_ADDR,MEM_PHONE,MEM_EMAIL,MEM_REG_DATE,MEM_BIRTH,MEM_USE_YN,MEM_PCODE) values ('nadpwl','oproot1','김순자','[06266] 서울 강남구 강남대로 252 (도곡동) 12','01034324568   ','navoe@naver.com',to_date('2017/11/20','YYYY/MM/DD'),'433522-2412345','Y','46036797');
Insert into SYSOUT.MEMBER (MEM_ID,MEM_PWD,MEM_NAME,MEM_ADDR,MEM_PHONE,MEM_EMAIL,MEM_REG_DATE,MEM_BIRTH,MEM_USE_YN,MEM_PCODE) values ('dlwkdsla','dlwkd789789','이장님','[42462] 대구 남구 경상길 16 (대명동) 15','01074293232   ','dlckdsla8080@hotmail.com',to_date('2017/11/21','YYYY/MM/DD'),'789901-1409876','Y','75325155');
Insert into SYSOUT.MEMBER (MEM_ID,MEM_PWD,MEM_NAME,MEM_ADDR,MEM_PHONE,MEM_EMAIL,MEM_REG_DATE,MEM_BIRTH,MEM_USE_YN,MEM_PCODE) values ('gudwkd19','gudwkd19123','김형자','[61663] 광주 남구 제중로 24-4 (양림동) 5','01012388753   ','gudwkd19@gmail.com',to_date('2017/11/21','YYYY/MM/DD'),'901222-1456901','N','82083208');
Insert into SYSOUT.MEMBER (MEM_ID,MEM_PWD,MEM_NAME,MEM_ADDR,MEM_PHONE,MEM_EMAIL,MEM_REG_DATE,MEM_BIRTH,MEM_USE_YN,MEM_PCODE) values ('ckdcjs1','ckd08089','이창진','[06731] 서울 서초구 서운로6길 15-20 (서초동, 롯데캐슬주피터) 5','01054322234   ','ckdwjs1@yahoo.com',to_date('2017/11/21','YYYY/MM/DD'),'902123-1422353','N','42682343');
Insert into SYSOUT.MEMBER (MEM_ID,MEM_PWD,MEM_NAME,MEM_ADDR,MEM_PHONE,MEM_EMAIL,MEM_REG_DATE,MEM_BIRTH,MEM_USE_YN,MEM_PCODE) values ('hot7080','1234qazqaz','유청열','[54889] 전북 전주시 덕진구 가련산로 24-15 (덕진동2가) 21','01067890074   ','hot7080@naver.com',to_date('2017/11/21','YYYY/MM/DD'),'872811-1412343','R','29622247');
Insert into SYSOUT.MEMBER (MEM_ID,MEM_PWD,MEM_NAME,MEM_ADDR,MEM_PHONE,MEM_EMAIL,MEM_REG_DATE,MEM_BIRTH,MEM_USE_YN,MEM_PCODE) values ('goodbuild123','build123234','이주여','[13547] 경기 성남시 분당구 고기로 216 (동원동) 8','01067564564   ','build123@netian.com',to_date('2017/11/21','YYYY/MM/DD'),'980124-2467907','R','52604384');
Insert into SYSOUT.MEMBER (MEM_ID,MEM_PWD,MEM_NAME,MEM_ADDR,MEM_PHONE,MEM_EMAIL,MEM_REG_DATE,MEM_BIRTH,MEM_USE_YN,MEM_PCODE) values ('you259','shwoals1','홍길동','[34085] 대전 유성구 노은동로 153 (지족동) OO 아파트 ','010-1234-1234 ','jj1234@naver.com',to_date('2017/11/22','YYYY/MM/DD'),'971212-1231242','Y','11620503');
REM INSERTING into SYSOUT.NOTICE
SET DEFINE OFF;
Insert into SYSOUT.NOTICE (NOTICE_NUM,ADMIN_CODE,NOTICE_TITLE,NOTICE_REG_DATE,NOTICE_HIT,NOTICE_FILE) values (1,'ADMIN001','12월 25일(토) 월요진료 휴진 안내',to_date('2017/11/21','YYYY/MM/DD'),0,null);
Insert into SYSOUT.NOTICE (NOTICE_NUM,ADMIN_CODE,NOTICE_TITLE,NOTICE_REG_DATE,NOTICE_HIT,NOTICE_FILE) values (2,'ADMIN001','병원 개인정보처리방침 개정 공지 - 2017년 11월 25일',to_date('2017/11/21','YYYY/MM/DD'),0,null);
Insert into SYSOUT.NOTICE (NOTICE_NUM,ADMIN_CODE,NOTICE_TITLE,NOTICE_REG_DATE,NOTICE_HIT,NOTICE_FILE) values (3,'ADMIN002','‘우리병원 처음예약 하실 분’',to_date('2017/11/21','YYYY/MM/DD'),0,null);
Insert into SYSOUT.NOTICE (NOTICE_NUM,ADMIN_CODE,NOTICE_TITLE,NOTICE_REG_DATE,NOTICE_HIT,NOTICE_FILE) values (4,'ADMIN001','시스템 개선에 따른 홈페이지 일시 중단 안내',to_date('2017/11/21','YYYY/MM/DD'),0,null);
Insert into SYSOUT.NOTICE (NOTICE_NUM,ADMIN_CODE,NOTICE_TITLE,NOTICE_REG_DATE,NOTICE_HIT,NOTICE_FILE) values (5,'ADMIN002','빠른쾌유를 돕는 환자참여 4가지 방법',to_date('2017/11/21','YYYY/MM/DD'),0,null);
Insert into SYSOUT.NOTICE (NOTICE_NUM,ADMIN_CODE,NOTICE_TITLE,NOTICE_REG_DATE,NOTICE_HIT,NOTICE_FILE) values (6,'ADMIN002','2017 환자안전/감염예방/행복 주간행사 (11/27~11/29)',to_date('2017/11/21','YYYY/MM/DD'),0,null);
Insert into SYSOUT.NOTICE (NOTICE_NUM,ADMIN_CODE,NOTICE_TITLE,NOTICE_REG_DATE,NOTICE_HIT,NOTICE_FILE) values (7,'ADMIN002','2017년 디지털헬스케어 교육과정 안내',to_date('2017/11/21','YYYY/MM/DD'),0,null);
Insert into SYSOUT.NOTICE (NOTICE_NUM,ADMIN_CODE,NOTICE_TITLE,NOTICE_REG_DATE,NOTICE_HIT,NOTICE_FILE) values (8,'ADMIN001','입원환자 면회, 12월 1일부터 새롭게 바뀝니다.',to_date('2017/11/21','YYYY/MM/DD'),0,null);
Insert into SYSOUT.NOTICE (NOTICE_NUM,ADMIN_CODE,NOTICE_TITLE,NOTICE_REG_DATE,NOTICE_HIT,NOTICE_FILE) values (9,'ADMIN002','성인예방접종 캠페인',to_date('2017/11/21','YYYY/MM/DD'),0,null);
REM INSERTING into SYSOUT.QNA
SET DEFINE OFF;
Insert into SYSOUT.QNA (QNA_NUM,MEM_ID,QNA_TITLE,QNA_REG_DATE,QNA_STATUS,QNA_OPEN_YN,QNA_HIT) values (1,'IronMan','심장 수술후 흉터 제거',to_date('2017/11/21','YYYY/MM/DD'),'Y','Y',0);
Insert into SYSOUT.QNA (QNA_NUM,MEM_ID,QNA_TITLE,QNA_REG_DATE,QNA_STATUS,QNA_OPEN_YN,QNA_HIT) values (2,'thor','영아 점액변 질문',to_date('2017/11/21','YYYY/MM/DD'),'Y','Y',0);
Insert into SYSOUT.QNA (QNA_NUM,MEM_ID,QNA_TITLE,QNA_REG_DATE,QNA_STATUS,QNA_OPEN_YN,QNA_HIT) values (3,'betman','간질',to_date('2017/11/21','YYYY/MM/DD'),'Y','Y',0);
Insert into SYSOUT.QNA (QNA_NUM,MEM_ID,QNA_TITLE,QNA_REG_DATE,QNA_STATUS,QNA_OPEN_YN,QNA_HIT) values (4,'hoon18','감기로 인한 기도 과민',to_date('2017/11/21','YYYY/MM/DD'),'Y','Y',0);
Insert into SYSOUT.QNA (QNA_NUM,MEM_ID,QNA_TITLE,QNA_REG_DATE,QNA_STATUS,QNA_OPEN_YN,QNA_HIT) values (5,'goodbuild123','혈액투석에서 복막투석으로 변경',to_date('2017/11/21','YYYY/MM/DD'),'Y','Y',0);
Insert into SYSOUT.QNA (QNA_NUM,MEM_ID,QNA_TITLE,QNA_REG_DATE,QNA_STATUS,QNA_OPEN_YN,QNA_HIT) values (6,'gudwkd19','궁금합니다...........',to_date('2017/11/21','YYYY/MM/DD'),'Y','Y',0);
Insert into SYSOUT.QNA (QNA_NUM,MEM_ID,QNA_TITLE,QNA_REG_DATE,QNA_STATUS,QNA_OPEN_YN,QNA_HIT) values (7,'rosfull','척추측만증 치료',to_date('2017/11/21','YYYY/MM/DD'),'Y','Y',0);
Insert into SYSOUT.QNA (QNA_NUM,MEM_ID,QNA_TITLE,QNA_REG_DATE,QNA_STATUS,QNA_OPEN_YN,QNA_HIT) values (8,'nadpwl','백혈병 관련 문의',to_date('2017/11/21','YYYY/MM/DD'),'Y','Y',0);
Insert into SYSOUT.QNA (QNA_NUM,MEM_ID,QNA_TITLE,QNA_REG_DATE,QNA_STATUS,QNA_OPEN_YN,QNA_HIT) values (9,'betman','점막하종양',to_date('2017/11/21','YYYY/MM/DD'),'Y','Y',0);
Insert into SYSOUT.QNA (QNA_NUM,MEM_ID,QNA_TITLE,QNA_REG_DATE,QNA_STATUS,QNA_OPEN_YN,QNA_HIT) values (10,'dlwkdsla','비형간염보균자 및 혈소판 감소',to_date('2017/11/21','YYYY/MM/DD'),'Y','Y',2);
Insert into SYSOUT.QNA (QNA_NUM,MEM_ID,QNA_TITLE,QNA_REG_DATE,QNA_STATUS,QNA_OPEN_YN,QNA_HIT) values (50,'IronMan','궁금해요',to_date('2017/11/22','YYYY/MM/DD'),'답변대기','N',2);
Insert into SYSOUT.QNA (QNA_NUM,MEM_ID,QNA_TITLE,QNA_REG_DATE,QNA_STATUS,QNA_OPEN_YN,QNA_HIT) values (51,'thor','Q&A',to_date('2017/11/22','YYYY/MM/DD'),'답변대기','N',4);
REM INSERTING into SYSOUT.QNA_ANSWER
SET DEFINE OFF;
Insert into SYSOUT.QNA_ANSWER (ANSWER_NUM,QNA_NUM) values (1,1);
Insert into SYSOUT.QNA_ANSWER (ANSWER_NUM,QNA_NUM) values (2,2);
Insert into SYSOUT.QNA_ANSWER (ANSWER_NUM,QNA_NUM) values (3,3);
Insert into SYSOUT.QNA_ANSWER (ANSWER_NUM,QNA_NUM) values (4,4);
Insert into SYSOUT.QNA_ANSWER (ANSWER_NUM,QNA_NUM) values (7,7);
Insert into SYSOUT.QNA_ANSWER (ANSWER_NUM,QNA_NUM) values (8,8);
Insert into SYSOUT.QNA_ANSWER (ANSWER_NUM,QNA_NUM) values (9,9);
Insert into SYSOUT.QNA_ANSWER (ANSWER_NUM,QNA_NUM) values (10,10);
Insert into SYSOUT.QNA_ANSWER (ANSWER_NUM,QNA_NUM) values (5,5);
Insert into SYSOUT.QNA_ANSWER (ANSWER_NUM,QNA_NUM) values (6,6);
Insert into SYSOUT.QNA_ANSWER (ANSWER_NUM,QNA_NUM) values (50,51);
REM INSERTING into SYSOUT.RESERVATION
SET DEFINE OFF;
Insert into SYSOUT.RESERVATION (RESERV_NUM,RESERV_DATE,DOC_CODE,MEM_PCODE,RESERV_STATUS) values (1,to_timestamp('17/11/21 16:00:00.000000000','RR/MM/DD HH24:MI:SSXFF'),'DM782752','59948528','진료완료');
Insert into SYSOUT.RESERVATION (RESERV_NUM,RESERV_DATE,DOC_CODE,MEM_PCODE,RESERV_STATUS) values (2,to_timestamp('17/11/21 16:30:00.000000000','RR/MM/DD HH24:MI:SSXFF'),'DM782752','48797728','진료완료');
Insert into SYSOUT.RESERVATION (RESERV_NUM,RESERV_DATE,DOC_CODE,MEM_PCODE,RESERV_STATUS) values (3,to_timestamp('17/11/22 09:30:00.000000000','RR/MM/DD HH24:MI:SSXFF'),'DM782752','85533928','진료완료');
Insert into SYSOUT.RESERVATION (RESERV_NUM,RESERV_DATE,DOC_CODE,MEM_PCODE,RESERV_STATUS) values (4,to_timestamp('17/11/22 10:30:00.000000000','RR/MM/DD HH24:MI:SSXFF'),'DM782752','46036797','진료완료');
Insert into SYSOUT.RESERVATION (RESERV_NUM,RESERV_DATE,DOC_CODE,MEM_PCODE,RESERV_STATUS) values (5,to_timestamp('17/11/22 13:30:00.000000000','RR/MM/DD HH24:MI:SSXFF'),'DM782752','82083208','진료대기');
Insert into SYSOUT.RESERVATION (RESERV_NUM,RESERV_DATE,DOC_CODE,MEM_PCODE,RESERV_STATUS) values (6,to_timestamp('17/11/22 14:00:00.000000000','RR/MM/DD HH24:MI:SSXFF'),'DM782752','29622247','진료완료');
Insert into SYSOUT.RESERVATION (RESERV_NUM,RESERV_DATE,DOC_CODE,MEM_PCODE,RESERV_STATUS) values (7,to_timestamp('17/11/22 16:00:00.000000000','RR/MM/DD HH24:MI:SSXFF'),'DM782752','59948528','예약');
Insert into SYSOUT.RESERVATION (RESERV_NUM,RESERV_DATE,DOC_CODE,MEM_PCODE,RESERV_STATUS) values (8,to_timestamp('17/11/22 16:30:00.000000000','RR/MM/DD HH24:MI:SSXFF'),'DM782752','48797728','예약');
Insert into SYSOUT.RESERVATION (RESERV_NUM,RESERV_DATE,DOC_CODE,MEM_PCODE,RESERV_STATUS) values (9,to_timestamp('17/11/22 17:00:00.000000000','RR/MM/DD HH24:MI:SSXFF'),'DM782752','85533928','예약');
Insert into SYSOUT.RESERVATION (RESERV_NUM,RESERV_DATE,DOC_CODE,MEM_PCODE,RESERV_STATUS) values (10,to_timestamp('17/11/22 10:30:00.000000000','RR/MM/DD HH24:MI:SSXFF'),'DM782752','48797728','예약취소');
Insert into SYSOUT.RESERVATION (RESERV_NUM,RESERV_DATE,DOC_CODE,MEM_PCODE,RESERV_STATUS) values (11,to_timestamp('17/11/16 03:30:00.000000000','RR/MM/DD HH24:MI:SSXFF'),'SG921627','70556820','진료완료');
Insert into SYSOUT.RESERVATION (RESERV_NUM,RESERV_DATE,DOC_CODE,MEM_PCODE,RESERV_STATUS) values (12,to_timestamp('17/11/10 02:30:00.000000000','RR/MM/DD HH24:MI:SSXFF'),'RM911658','70556820','진료완료');
Insert into SYSOUT.RESERVATION (RESERV_NUM,RESERV_DATE,DOC_CODE,MEM_PCODE,RESERV_STATUS) values (50,to_timestamp('17/11/22 11:00:00.000000000','RR/MM/DD HH24:MI:SSXFF'),'DM782752','70556820','취소');
REM INSERTING into SYSOUT.SCHEDULE
SET DEFINE OFF;
Insert into SYSOUT.SCHEDULE (SCHEDULE_NUM,SCHEDULE_REG_DATE,SCHEDULE_START_DATE,SCHEDULE_END_DATE,DOC_CODE,SCHEDULE_PERMIT_YN,SCHEDULE_DEL_YN) values (7,to_date('2017/11/21','YYYY/MM/DD'),to_date('2017/12/04','YYYY/MM/DD'),to_date('2017/12/06','YYYY/MM/DD'),'PD784781','Y','Y');
Insert into SYSOUT.SCHEDULE (SCHEDULE_NUM,SCHEDULE_REG_DATE,SCHEDULE_START_DATE,SCHEDULE_END_DATE,DOC_CODE,SCHEDULE_PERMIT_YN,SCHEDULE_DEL_YN) values (8,to_date('2017/11/21','YYYY/MM/DD'),to_date('2018/01/01','YYYY/MM/DD'),to_date('2018/01/04','YYYY/MM/DD'),'OL789427','N','Y');
Insert into SYSOUT.SCHEDULE (SCHEDULE_NUM,SCHEDULE_REG_DATE,SCHEDULE_START_DATE,SCHEDULE_END_DATE,DOC_CODE,SCHEDULE_PERMIT_YN,SCHEDULE_DEL_YN) values (9,to_date('2017/11/21','YYYY/MM/DD'),to_date('2017/11/23','YYYY/MM/DD'),to_date('2017/11/24','YYYY/MM/DD'),'DM782752','R','N');
Insert into SYSOUT.SCHEDULE (SCHEDULE_NUM,SCHEDULE_REG_DATE,SCHEDULE_START_DATE,SCHEDULE_END_DATE,DOC_CODE,SCHEDULE_PERMIT_YN,SCHEDULE_DEL_YN) values (10,to_date('2017/11/23','YYYY/MM/DD'),to_date('2018/02/01','YYYY/MM/DD'),to_date('2018/02/03','YYYY/MM/DD'),'DM891974','Y','Y');
Insert into SYSOUT.SCHEDULE (SCHEDULE_NUM,SCHEDULE_REG_DATE,SCHEDULE_START_DATE,SCHEDULE_END_DATE,DOC_CODE,SCHEDULE_PERMIT_YN,SCHEDULE_DEL_YN) values (5,to_date('2017/11/23','YYYY/MM/DD'),to_date('2017/11/27','YYYY/MM/DD'),to_date('2017/12/01','YYYY/MM/DD'),'NR981057','R','Y');
Insert into SYSOUT.SCHEDULE (SCHEDULE_NUM,SCHEDULE_REG_DATE,SCHEDULE_START_DATE,SCHEDULE_END_DATE,DOC_CODE,SCHEDULE_PERMIT_YN,SCHEDULE_DEL_YN) values (6,to_date('2017/11/21','YYYY/MM/DD'),to_date('2017/12/25','YYYY/MM/DD'),to_date('2017/12/28','YYYY/MM/DD'),'SG921627','Y','Y');
Insert into SYSOUT.SCHEDULE (SCHEDULE_NUM,SCHEDULE_REG_DATE,SCHEDULE_START_DATE,SCHEDULE_END_DATE,DOC_CODE,SCHEDULE_PERMIT_YN,SCHEDULE_DEL_YN) values (14,to_date('2017/11/21','YYYY/MM/DD'),to_date('2018/02/23','YYYY/MM/DD'),to_date('2018/02/24','YYYY/MM/DD'),'O0881531','N','Y');
Insert into SYSOUT.SCHEDULE (SCHEDULE_NUM,SCHEDULE_REG_DATE,SCHEDULE_START_DATE,SCHEDULE_END_DATE,DOC_CODE,SCHEDULE_PERMIT_YN,SCHEDULE_DEL_YN) values (15,to_date('2017/11/21','YYYY/MM/DD'),to_date('2018/03/01','YYYY/MM/DD'),to_date('2018/03/03','YYYY/MM/DD'),'RM911658','R','N');
Insert into SYSOUT.SCHEDULE (SCHEDULE_NUM,SCHEDULE_REG_DATE,SCHEDULE_START_DATE,SCHEDULE_END_DATE,DOC_CODE,SCHEDULE_PERMIT_YN,SCHEDULE_DEL_YN) values (16,to_date('2017/10/15','YYYY/MM/DD'),to_date('2017/11/02','YYYY/MM/DD'),to_date('2017/11/04','YYYY/MM/DD'),'DM782752','Y','Y');
Insert into SYSOUT.SCHEDULE (SCHEDULE_NUM,SCHEDULE_REG_DATE,SCHEDULE_START_DATE,SCHEDULE_END_DATE,DOC_CODE,SCHEDULE_PERMIT_YN,SCHEDULE_DEL_YN) values (50,to_date('2017/11/22','YYYY/MM/DD'),to_date('2017/11/23','YYYY/MM/DD'),to_date('2017/11/25','YYYY/MM/DD'),'DM782752','N','Y');
Insert into SYSOUT.SCHEDULE (SCHEDULE_NUM,SCHEDULE_REG_DATE,SCHEDULE_START_DATE,SCHEDULE_END_DATE,DOC_CODE,SCHEDULE_PERMIT_YN,SCHEDULE_DEL_YN) values (52,to_date('2017/11/22','YYYY/MM/DD'),to_date('2017/11/08','YYYY/MM/DD'),to_date('2017/11/10','YYYY/MM/DD'),'DM782752','Y','Y');
REM INSERTING into SYSOUT.DIAG_VIEW
SET DEFINE OFF;
Insert into SYSOUT.DIAG_VIEW (DIAG_NUM,MEM_PCODE,DOC_CODE,DIAG_DISEASE,DIAG_DATE,RESERV_NUM,DOC_IMAGE,DOC_NAME,DEPART_NAME,DEPART_TEL,MEM_NAME) values (3,'59948528','DM782752','화상',to_timestamp('17/11/22 09:50:00.701000000','RR/MM/DD HH24:MI:SSXFF'),3,'doctor_image7.jpg','박해준','피부과','43-005      ','토니스타크');
Insert into SYSOUT.DIAG_VIEW (DIAG_NUM,MEM_PCODE,DOC_CODE,DIAG_DISEASE,DIAG_DATE,RESERV_NUM,DOC_IMAGE,DOC_NAME,DEPART_NAME,DEPART_TEL,MEM_NAME) values (6,'70556820','RM911658','두통',to_timestamp('17/11/10 02:50:46.944000000','RR/MM/DD HH24:MI:SSXFF'),12,'doctor_image8.jpg','손창준','재활의학과','32-007      ','토르');
Insert into SYSOUT.DIAG_VIEW (DIAG_NUM,MEM_PCODE,DOC_CODE,DIAG_DISEASE,DIAG_DATE,RESERV_NUM,DOC_IMAGE,DOC_NAME,DEPART_NAME,DEPART_TEL,MEM_NAME) values (5,'70556820','SG921627','치질',to_timestamp('17/11/16 03:50:18.310000000','RR/MM/DD HH24:MI:SSXFF'),11,'doctor_image2.jpg','박하설','외과','52-001      ','토르');
Insert into SYSOUT.DIAG_VIEW (DIAG_NUM,MEM_PCODE,DOC_CODE,DIAG_DISEASE,DIAG_DATE,RESERV_NUM,DOC_IMAGE,DOC_NAME,DEPART_NAME,DEPART_TEL,MEM_NAME) values (1,'48797728','DM782752','감기',to_timestamp('17/11/21 16:20:00.762000000','RR/MM/DD HH24:MI:SSXFF'),1,'doctor_image7.jpg','박해준','피부과','43-005      ','베트맨');
Insert into SYSOUT.DIAG_VIEW (DIAG_NUM,MEM_PCODE,DOC_CODE,DIAG_DISEASE,DIAG_DATE,RESERV_NUM,DOC_IMAGE,DOC_NAME,DEPART_NAME,DEPART_TEL,MEM_NAME) values (2,'85533928','DM782752','아토피',to_timestamp('17/11/22 16:50:00.878000000','RR/MM/DD HH24:MI:SSXFF'),2,'doctor_image7.jpg','박해준','피부과','43-005      ','이형성');
Insert into SYSOUT.DIAG_VIEW (DIAG_NUM,MEM_PCODE,DOC_CODE,DIAG_DISEASE,DIAG_DATE,RESERV_NUM,DOC_IMAGE,DOC_NAME,DEPART_NAME,DEPART_TEL,MEM_NAME) values (4,'46036797','DM782752','알레르기',to_timestamp('17/11/22 10:20:00.000000000','RR/MM/DD HH24:MI:SSXFF'),4,'doctor_image7.jpg','박해준','피부과','43-005      ','김순자');
Insert into SYSOUT.DIAG_VIEW (DIAG_NUM,MEM_PCODE,DOC_CODE,DIAG_DISEASE,DIAG_DATE,RESERV_NUM,DOC_IMAGE,DOC_NAME,DEPART_NAME,DEPART_TEL,MEM_NAME) values (50,'29622247','DM782752','진단',to_timestamp('17/11/22 15:16:30.000000000','RR/MM/DD HH24:MI:SSXFF'),6,'doctor_image7.jpg','박해준','피부과','43-005      ','유청열');
REM INSERTING into SYSOUT.DOC_VIEW
SET DEFINE OFF;
Insert into SYSOUT.DOC_VIEW (DOC_CODE,DOC_PWD,DOC_NAME,DOC_ADDR,DOC_PHONE,DOC_EMAIL,DOC_REG_DATE,DOC_BIRTH,DEPART_CODE,DOC_IMAGE,DOC_USE_YN,DEPART_NAME,DEPART_TEL) values ('NR981057','890890','김청정','[06266]서울 강남구 강남대로 254 (도곡동, 용문빌딩)23','01078546645  ','wefqaz@nate.com',to_date('2017/11/21','YYYY/MM/DD'),'987811-1456789','NR10 ','doctor_image.jpg','Y','신경과','12-001      ');
Insert into SYSOUT.DOC_VIEW (DOC_CODE,DOC_PWD,DOC_NAME,DOC_ADDR,DOC_PHONE,DOC_EMAIL,DOC_REG_DATE,DOC_BIRTH,DEPART_CODE,DOC_IMAGE,DOC_USE_YN,DEPART_NAME,DEPART_TEL) values ('SG921627','yhnyhn','박하설','[42499]대구 남구 대덕초등길 6 (대명동)1','01078564545  ','23rwefd@netian.com',to_date('2017/11/21','YYYY/MM/DD'),'923112-1412412','SG13 ','doctor_image2.jpg','Y','외과','52-001      ');
Insert into SYSOUT.DOC_VIEW (DOC_CODE,DOC_PWD,DOC_NAME,DOC_ADDR,DOC_PHONE,DOC_EMAIL,DOC_REG_DATE,DOC_BIRTH,DEPART_CODE,DOC_IMAGE,DOC_USE_YN,DEPART_NAME,DEPART_TEL) values ('PD784781','iopiop','유해청','[46769]부산 강서구 가덕해안로 3-1 (성북동)3','01046732345  ','qewfa@hanafos.com',to_date('2017/11/21','YYYY/MM/DD'),'789123-4356324','PD09 ','doctor_image3.jpg','Y','소아청년과','41-001      ');
Insert into SYSOUT.DOC_VIEW (DOC_CODE,DOC_PWD,DOC_NAME,DOC_ADDR,DOC_PHONE,DOC_EMAIL,DOC_REG_DATE,DOC_BIRTH,DEPART_CODE,DOC_IMAGE,DOC_USE_YN,DEPART_NAME,DEPART_TEL) values ('OL789427','tgbtgb','임철용','[34443]대전 대덕구 대전천북로 186 (오정동)32','01045231123  ','youqa@korea.com',to_date('2017/11/21','YYYY/MM/DD'),'789679-9123123','OL14 ','doctor_image4.jpg','Y','이비인후과','52-003      ');
Insert into SYSOUT.DOC_VIEW (DOC_CODE,DOC_PWD,DOC_NAME,DOC_ADDR,DOC_PHONE,DOC_EMAIL,DOC_REG_DATE,DOC_BIRTH,DEPART_CODE,DOC_IMAGE,DOC_USE_YN,DEPART_NAME,DEPART_TEL) values ('DM782752','123123','박해준','[01689]서울 노원구 상계로 26 (상계동, 에쿠스)1','01032453465  ','dwfwq@hanafos.com',to_date('2017/11/21','YYYY/MM/DD'),'786796-1341234','DM19 ','doctor_image7.jpg','Y','피부과','43-005      ');
Insert into SYSOUT.DOC_VIEW (DOC_CODE,DOC_PWD,DOC_NAME,DOC_ADDR,DOC_PHONE,DOC_EMAIL,DOC_REG_DATE,DOC_BIRTH,DEPART_CODE,DOC_IMAGE,DOC_USE_YN,DEPART_NAME,DEPART_TEL) values ('DM891974','yuiyui','김장벽','[48060]부산 해운대구 APEC로 55 (우동, 벡스코)22','01099876654  ','efvq@nate.com',to_date('2017/11/21','YYYY/MM/DD'),'890722-1343246','DM19 ','doctor_image5.jpg','Y','피부과','43-005      ');
Insert into SYSOUT.DOC_VIEW (DOC_CODE,DOC_PWD,DOC_NAME,DOC_ADDR,DOC_PHONE,DOC_EMAIL,DOC_REG_DATE,DOC_BIRTH,DEPART_CODE,DOC_IMAGE,DOC_USE_YN,DEPART_NAME,DEPART_TEL) values ('O0881531','465465','미영청','[06267]서울 강남구 강남대로 242 (도곡동, 크리스탈빌딩)1','01044552212  ','wq2ewq@empal.com',to_date('2017/11/21','YYYY/MM/DD'),'880412-1424364','O012 ','doctor_image6.jpg','Y','안과','42-003      ');
Insert into SYSOUT.DOC_VIEW (DOC_CODE,DOC_PWD,DOC_NAME,DOC_ADDR,DOC_PHONE,DOC_EMAIL,DOC_REG_DATE,DOC_BIRTH,DEPART_CODE,DOC_IMAGE,DOC_USE_YN,DEPART_NAME,DEPART_TEL) values ('RM911658','jon123','손창준','[24904]강원 속초시 골말길 5 (도문동)5','01045642312  ','lkuyr@chol.com',to_date('2017/11/21','YYYY/MM/DD'),'911723-1446345','RM15 ','doctor_image8.jpg','Y','재활의학과','32-007      ');
Insert into SYSOUT.DOC_VIEW (DOC_CODE,DOC_PWD,DOC_NAME,DOC_ADDR,DOC_PHONE,DOC_EMAIL,DOC_REG_DATE,DOC_BIRTH,DEPART_CODE,DOC_IMAGE,DOC_USE_YN,DEPART_NAME,DEPART_TEL) values ('DM921420','asd','asdasd','[34085]대전 유성구 노은동로 153 (지족동)123214','01012321231  ','asdasd@naver.com',to_date('2017/11/22','YYYY/MM/DD'),'921232-1231231','DM19 ','f44c257a-d9c8-44f6-abac-15c486e76117_Desert.jpg','Y','피부과','43-005      ');
REM INSERTING into SYSOUT.QNA_VIEW
SET DEFINE OFF;
Insert into SYSOUT.QNA_VIEW (QNA_NUM,MEM_ID,QNA_TITLE,QNA_REG_DATE,QNA_STATUS,QNA_OPEN_YN,QNA_HIT,MEM_NAME) values (50,'IronMan','궁금해요',to_date('2017/11/22','YYYY/MM/DD'),'답변대기','N',2,'토니스타크');
Insert into SYSOUT.QNA_VIEW (QNA_NUM,MEM_ID,QNA_TITLE,QNA_REG_DATE,QNA_STATUS,QNA_OPEN_YN,QNA_HIT,MEM_NAME) values (1,'IronMan','심장 수술후 흉터 제거',to_date('2017/11/21','YYYY/MM/DD'),'Y','Y',0,'토니스타크');
Insert into SYSOUT.QNA_VIEW (QNA_NUM,MEM_ID,QNA_TITLE,QNA_REG_DATE,QNA_STATUS,QNA_OPEN_YN,QNA_HIT,MEM_NAME) values (51,'thor','Q&A',to_date('2017/11/22','YYYY/MM/DD'),'답변대기','N',4,'토르');
Insert into SYSOUT.QNA_VIEW (QNA_NUM,MEM_ID,QNA_TITLE,QNA_REG_DATE,QNA_STATUS,QNA_OPEN_YN,QNA_HIT,MEM_NAME) values (2,'thor','영아 점액변 질문',to_date('2017/11/21','YYYY/MM/DD'),'Y','Y',0,'토르');
Insert into SYSOUT.QNA_VIEW (QNA_NUM,MEM_ID,QNA_TITLE,QNA_REG_DATE,QNA_STATUS,QNA_OPEN_YN,QNA_HIT,MEM_NAME) values (9,'betman','점막하종양',to_date('2017/11/21','YYYY/MM/DD'),'Y','Y',0,'베트맨');
Insert into SYSOUT.QNA_VIEW (QNA_NUM,MEM_ID,QNA_TITLE,QNA_REG_DATE,QNA_STATUS,QNA_OPEN_YN,QNA_HIT,MEM_NAME) values (3,'betman','간질',to_date('2017/11/21','YYYY/MM/DD'),'Y','Y',0,'베트맨');
Insert into SYSOUT.QNA_VIEW (QNA_NUM,MEM_ID,QNA_TITLE,QNA_REG_DATE,QNA_STATUS,QNA_OPEN_YN,QNA_HIT,MEM_NAME) values (4,'hoon18','감기로 인한 기도 과민',to_date('2017/11/21','YYYY/MM/DD'),'Y','Y',0,'이형성');
Insert into SYSOUT.QNA_VIEW (QNA_NUM,MEM_ID,QNA_TITLE,QNA_REG_DATE,QNA_STATUS,QNA_OPEN_YN,QNA_HIT,MEM_NAME) values (7,'rosfull','척추측만증 치료',to_date('2017/11/21','YYYY/MM/DD'),'Y','Y',0,'홍길동');
Insert into SYSOUT.QNA_VIEW (QNA_NUM,MEM_ID,QNA_TITLE,QNA_REG_DATE,QNA_STATUS,QNA_OPEN_YN,QNA_HIT,MEM_NAME) values (8,'nadpwl','백혈병 관련 문의',to_date('2017/11/21','YYYY/MM/DD'),'Y','Y',0,'김순자');
Insert into SYSOUT.QNA_VIEW (QNA_NUM,MEM_ID,QNA_TITLE,QNA_REG_DATE,QNA_STATUS,QNA_OPEN_YN,QNA_HIT,MEM_NAME) values (10,'dlwkdsla','비형간염보균자 및 혈소판 감소',to_date('2017/11/21','YYYY/MM/DD'),'Y','Y',2,'이장님');
Insert into SYSOUT.QNA_VIEW (QNA_NUM,MEM_ID,QNA_TITLE,QNA_REG_DATE,QNA_STATUS,QNA_OPEN_YN,QNA_HIT,MEM_NAME) values (6,'gudwkd19','궁금합니다...........',to_date('2017/11/21','YYYY/MM/DD'),'Y','Y',0,'김형자');
Insert into SYSOUT.QNA_VIEW (QNA_NUM,MEM_ID,QNA_TITLE,QNA_REG_DATE,QNA_STATUS,QNA_OPEN_YN,QNA_HIT,MEM_NAME) values (5,'goodbuild123','혈액투석에서 복막투석으로 변경',to_date('2017/11/21','YYYY/MM/DD'),'Y','Y',0,'이주여');
REM INSERTING into SYSOUT.RESERV_VIEW
SET DEFINE OFF;
Insert into SYSOUT.RESERV_VIEW (RESERV_NUM,RESERV_DATE,DOC_CODE,MEM_PCODE,RESERV_STATUS,DOC_NAME,DOC_PHONE,DOC_IMAGE,DEPART_NAME,DEPART_TEL,MEM_NAME,MEM_PHONE) values (7,to_timestamp('17/11/22 16:00:00.000000000','RR/MM/DD HH24:MI:SSXFF'),'DM782752','59948528','예약','박해준','01032453465  ','doctor_image7.jpg','피부과','43-005      ','토니스타크','01054682345   ');
Insert into SYSOUT.RESERV_VIEW (RESERV_NUM,RESERV_DATE,DOC_CODE,MEM_PCODE,RESERV_STATUS,DOC_NAME,DOC_PHONE,DOC_IMAGE,DEPART_NAME,DEPART_TEL,MEM_NAME,MEM_PHONE) values (1,to_timestamp('17/11/21 16:00:00.000000000','RR/MM/DD HH24:MI:SSXFF'),'DM782752','59948528','진료완료','박해준','01032453465  ','doctor_image7.jpg','피부과','43-005      ','토니스타크','01054682345   ');
Insert into SYSOUT.RESERV_VIEW (RESERV_NUM,RESERV_DATE,DOC_CODE,MEM_PCODE,RESERV_STATUS,DOC_NAME,DOC_PHONE,DOC_IMAGE,DEPART_NAME,DEPART_TEL,MEM_NAME,MEM_PHONE) values (50,to_timestamp('17/11/22 11:00:00.000000000','RR/MM/DD HH24:MI:SSXFF'),'DM782752','70556820','취소','박해준','01032453465  ','doctor_image7.jpg','피부과','43-005      ','토르','01069752342   ');
Insert into SYSOUT.RESERV_VIEW (RESERV_NUM,RESERV_DATE,DOC_CODE,MEM_PCODE,RESERV_STATUS,DOC_NAME,DOC_PHONE,DOC_IMAGE,DEPART_NAME,DEPART_TEL,MEM_NAME,MEM_PHONE) values (12,to_timestamp('17/11/10 02:30:00.000000000','RR/MM/DD HH24:MI:SSXFF'),'RM911658','70556820','진료완료','손창준','01045642312  ','doctor_image8.jpg','재활의학과','32-007      ','토르','01069752342   ');
Insert into SYSOUT.RESERV_VIEW (RESERV_NUM,RESERV_DATE,DOC_CODE,MEM_PCODE,RESERV_STATUS,DOC_NAME,DOC_PHONE,DOC_IMAGE,DEPART_NAME,DEPART_TEL,MEM_NAME,MEM_PHONE) values (11,to_timestamp('17/11/16 03:30:00.000000000','RR/MM/DD HH24:MI:SSXFF'),'SG921627','70556820','진료완료','박하설','01078564545  ','doctor_image2.jpg','외과','52-001      ','토르','01069752342   ');
Insert into SYSOUT.RESERV_VIEW (RESERV_NUM,RESERV_DATE,DOC_CODE,MEM_PCODE,RESERV_STATUS,DOC_NAME,DOC_PHONE,DOC_IMAGE,DEPART_NAME,DEPART_TEL,MEM_NAME,MEM_PHONE) values (10,to_timestamp('17/11/22 10:30:00.000000000','RR/MM/DD HH24:MI:SSXFF'),'DM782752','48797728','예약취소','박해준','01032453465  ','doctor_image7.jpg','피부과','43-005      ','베트맨','01076435622   ');
Insert into SYSOUT.RESERV_VIEW (RESERV_NUM,RESERV_DATE,DOC_CODE,MEM_PCODE,RESERV_STATUS,DOC_NAME,DOC_PHONE,DOC_IMAGE,DEPART_NAME,DEPART_TEL,MEM_NAME,MEM_PHONE) values (8,to_timestamp('17/11/22 16:30:00.000000000','RR/MM/DD HH24:MI:SSXFF'),'DM782752','48797728','예약','박해준','01032453465  ','doctor_image7.jpg','피부과','43-005      ','베트맨','01076435622   ');
Insert into SYSOUT.RESERV_VIEW (RESERV_NUM,RESERV_DATE,DOC_CODE,MEM_PCODE,RESERV_STATUS,DOC_NAME,DOC_PHONE,DOC_IMAGE,DEPART_NAME,DEPART_TEL,MEM_NAME,MEM_PHONE) values (2,to_timestamp('17/11/21 16:30:00.000000000','RR/MM/DD HH24:MI:SSXFF'),'DM782752','48797728','진료완료','박해준','01032453465  ','doctor_image7.jpg','피부과','43-005      ','베트맨','01076435622   ');
Insert into SYSOUT.RESERV_VIEW (RESERV_NUM,RESERV_DATE,DOC_CODE,MEM_PCODE,RESERV_STATUS,DOC_NAME,DOC_PHONE,DOC_IMAGE,DEPART_NAME,DEPART_TEL,MEM_NAME,MEM_PHONE) values (9,to_timestamp('17/11/22 17:00:00.000000000','RR/MM/DD HH24:MI:SSXFF'),'DM782752','85533928','예약','박해준','01032453465  ','doctor_image7.jpg','피부과','43-005      ','이형성','01087657876   ');
Insert into SYSOUT.RESERV_VIEW (RESERV_NUM,RESERV_DATE,DOC_CODE,MEM_PCODE,RESERV_STATUS,DOC_NAME,DOC_PHONE,DOC_IMAGE,DEPART_NAME,DEPART_TEL,MEM_NAME,MEM_PHONE) values (3,to_timestamp('17/11/22 09:30:00.000000000','RR/MM/DD HH24:MI:SSXFF'),'DM782752','85533928','진료완료','박해준','01032453465  ','doctor_image7.jpg','피부과','43-005      ','이형성','01087657876   ');
Insert into SYSOUT.RESERV_VIEW (RESERV_NUM,RESERV_DATE,DOC_CODE,MEM_PCODE,RESERV_STATUS,DOC_NAME,DOC_PHONE,DOC_IMAGE,DEPART_NAME,DEPART_TEL,MEM_NAME,MEM_PHONE) values (4,to_timestamp('17/11/22 10:30:00.000000000','RR/MM/DD HH24:MI:SSXFF'),'DM782752','46036797','진료완료','박해준','01032453465  ','doctor_image7.jpg','피부과','43-005      ','김순자','01034324568   ');
Insert into SYSOUT.RESERV_VIEW (RESERV_NUM,RESERV_DATE,DOC_CODE,MEM_PCODE,RESERV_STATUS,DOC_NAME,DOC_PHONE,DOC_IMAGE,DEPART_NAME,DEPART_TEL,MEM_NAME,MEM_PHONE) values (5,to_timestamp('17/11/22 13:30:00.000000000','RR/MM/DD HH24:MI:SSXFF'),'DM782752','82083208','진료대기','박해준','01032453465  ','doctor_image7.jpg','피부과','43-005      ','김형자','01012388753   ');
Insert into SYSOUT.RESERV_VIEW (RESERV_NUM,RESERV_DATE,DOC_CODE,MEM_PCODE,RESERV_STATUS,DOC_NAME,DOC_PHONE,DOC_IMAGE,DEPART_NAME,DEPART_TEL,MEM_NAME,MEM_PHONE) values (6,to_timestamp('17/11/22 14:00:00.000000000','RR/MM/DD HH24:MI:SSXFF'),'DM782752','29622247','진료완료','박해준','01032453465  ','doctor_image7.jpg','피부과','43-005      ','유청열','01067890074   ');
REM INSERTING into SYSOUT.SCHEDULE_VIEW
SET DEFINE OFF;
Insert into SYSOUT.SCHEDULE_VIEW (SCHEDULE_NUM,SCHEDULE_REG_DATE,SCHEDULE_START_DATE,SCHEDULE_END_DATE,DOC_CODE,SCHEDULE_PERMIT_YN,SCHEDULE_DEL_YN,DOC_NAME,DEPART_NAME) values (9,to_date('2017/11/21','YYYY/MM/DD'),to_date('2017/11/23','YYYY/MM/DD'),to_date('2017/11/24','YYYY/MM/DD'),'DM782752','R','N','박해준','피부과');
Insert into SYSOUT.SCHEDULE_VIEW (SCHEDULE_NUM,SCHEDULE_REG_DATE,SCHEDULE_START_DATE,SCHEDULE_END_DATE,DOC_CODE,SCHEDULE_PERMIT_YN,SCHEDULE_DEL_YN,DOC_NAME,DEPART_NAME) values (15,to_date('2017/11/21','YYYY/MM/DD'),to_date('2018/03/01','YYYY/MM/DD'),to_date('2018/03/03','YYYY/MM/DD'),'RM911658','R','N','손창준','재활의학과');
--------------------------------------------------------
--  DDL for Index PK_ADMIN
--------------------------------------------------------

  CREATE UNIQUE INDEX "SYSOUT"."PK_ADMIN" ON "SYSOUT"."ADMIN" ("ADMIN_CODE") 
  PCTFREE 10 INITRANS 2 MAXTRANS 255 COMPUTE STATISTICS 
  STORAGE(INITIAL 65536 NEXT 1048576 MINEXTENTS 1 MAXEXTENTS 2147483645
  PCTINCREASE 0 FREELISTS 1 FREELIST GROUPS 1 BUFFER_POOL DEFAULT FLASH_CACHE DEFAULT CELL_FLASH_CACHE DEFAULT)
  TABLESPACE "SYSTEM" ;
--------------------------------------------------------
--  DDL for Index PK_ADMIN_LOG
--------------------------------------------------------

  CREATE UNIQUE INDEX "SYSOUT"."PK_ADMIN_LOG" ON "SYSOUT"."ADMIN_LOG" ("LOG_NUM") 
  PCTFREE 10 INITRANS 2 MAXTRANS 255 COMPUTE STATISTICS NOCOMPRESS LOGGING
  TABLESPACE "SYSTEM" ;
--------------------------------------------------------
--  DDL for Index PK_DEPART
--------------------------------------------------------

  CREATE UNIQUE INDEX "SYSOUT"."PK_DEPART" ON "SYSOUT"."DEPART" ("DEPART_CODE") 
  PCTFREE 10 INITRANS 2 MAXTRANS 255 COMPUTE STATISTICS 
  STORAGE(INITIAL 65536 NEXT 1048576 MINEXTENTS 1 MAXEXTENTS 2147483645
  PCTINCREASE 0 FREELISTS 1 FREELIST GROUPS 1 BUFFER_POOL DEFAULT FLASH_CACHE DEFAULT CELL_FLASH_CACHE DEFAULT)
  TABLESPACE "SYSTEM" ;
--------------------------------------------------------
--  DDL for Index PK_DIAGNOSIS
--------------------------------------------------------

  CREATE UNIQUE INDEX "SYSOUT"."PK_DIAGNOSIS" ON "SYSOUT"."DIAGNOSIS" ("DIAG_NUM") 
  PCTFREE 10 INITRANS 2 MAXTRANS 255 COMPUTE STATISTICS 
  STORAGE(INITIAL 65536 NEXT 1048576 MINEXTENTS 1 MAXEXTENTS 2147483645
  PCTINCREASE 0 FREELISTS 1 FREELIST GROUPS 1 BUFFER_POOL DEFAULT FLASH_CACHE DEFAULT CELL_FLASH_CACHE DEFAULT)
  TABLESPACE "SYSTEM" ;
--------------------------------------------------------
--  DDL for Index PK_DOCTOR
--------------------------------------------------------

  CREATE UNIQUE INDEX "SYSOUT"."PK_DOCTOR" ON "SYSOUT"."DOCTOR" ("DOC_CODE") 
  PCTFREE 10 INITRANS 2 MAXTRANS 255 COMPUTE STATISTICS 
  STORAGE(INITIAL 65536 NEXT 1048576 MINEXTENTS 1 MAXEXTENTS 2147483645
  PCTINCREASE 0 FREELISTS 1 FREELIST GROUPS 1 BUFFER_POOL DEFAULT FLASH_CACHE DEFAULT CELL_FLASH_CACHE DEFAULT)
  TABLESPACE "SYSTEM" ;
--------------------------------------------------------
--  DDL for Index PK_MEMBER
--------------------------------------------------------

  CREATE UNIQUE INDEX "SYSOUT"."PK_MEMBER" ON "SYSOUT"."MEMBER" ("MEM_ID") 
  PCTFREE 10 INITRANS 2 MAXTRANS 255 COMPUTE STATISTICS 
  STORAGE(INITIAL 65536 NEXT 1048576 MINEXTENTS 1 MAXEXTENTS 2147483645
  PCTINCREASE 0 FREELISTS 1 FREELIST GROUPS 1 BUFFER_POOL DEFAULT FLASH_CACHE DEFAULT CELL_FLASH_CACHE DEFAULT)
  TABLESPACE "SYSTEM" ;
--------------------------------------------------------
--  DDL for Index PK_NOTICE
--------------------------------------------------------

  CREATE UNIQUE INDEX "SYSOUT"."PK_NOTICE" ON "SYSOUT"."NOTICE" ("NOTICE_NUM") 
  PCTFREE 10 INITRANS 2 MAXTRANS 255 COMPUTE STATISTICS 
  STORAGE(INITIAL 65536 NEXT 1048576 MINEXTENTS 1 MAXEXTENTS 2147483645
  PCTINCREASE 0 FREELISTS 1 FREELIST GROUPS 1 BUFFER_POOL DEFAULT FLASH_CACHE DEFAULT CELL_FLASH_CACHE DEFAULT)
  TABLESPACE "SYSTEM" ;
--------------------------------------------------------
--  DDL for Index PK_QNA
--------------------------------------------------------

  CREATE UNIQUE INDEX "SYSOUT"."PK_QNA" ON "SYSOUT"."QNA" ("QNA_NUM") 
  PCTFREE 10 INITRANS 2 MAXTRANS 255 COMPUTE STATISTICS 
  STORAGE(INITIAL 65536 NEXT 1048576 MINEXTENTS 1 MAXEXTENTS 2147483645
  PCTINCREASE 0 FREELISTS 1 FREELIST GROUPS 1 BUFFER_POOL DEFAULT FLASH_CACHE DEFAULT CELL_FLASH_CACHE DEFAULT)
  TABLESPACE "SYSTEM" ;
--------------------------------------------------------
--  DDL for Index PK_QNA_ANSWER
--------------------------------------------------------

  CREATE UNIQUE INDEX "SYSOUT"."PK_QNA_ANSWER" ON "SYSOUT"."QNA_ANSWER" ("ANSWER_NUM") 
  PCTFREE 10 INITRANS 2 MAXTRANS 255 COMPUTE STATISTICS 
  STORAGE(INITIAL 65536 NEXT 1048576 MINEXTENTS 1 MAXEXTENTS 2147483645
  PCTINCREASE 0 FREELISTS 1 FREELIST GROUPS 1 BUFFER_POOL DEFAULT FLASH_CACHE DEFAULT CELL_FLASH_CACHE DEFAULT)
  TABLESPACE "SYSTEM" ;
--------------------------------------------------------
--  DDL for Index PK_RESERVATION
--------------------------------------------------------

  CREATE UNIQUE INDEX "SYSOUT"."PK_RESERVATION" ON "SYSOUT"."RESERVATION" ("RESERV_NUM") 
  PCTFREE 10 INITRANS 2 MAXTRANS 255 COMPUTE STATISTICS 
  STORAGE(INITIAL 65536 NEXT 1048576 MINEXTENTS 1 MAXEXTENTS 2147483645
  PCTINCREASE 0 FREELISTS 1 FREELIST GROUPS 1 BUFFER_POOL DEFAULT FLASH_CACHE DEFAULT CELL_FLASH_CACHE DEFAULT)
  TABLESPACE "SYSTEM" ;
--------------------------------------------------------
--  DDL for Index SCHEDULE_PK
--------------------------------------------------------

  CREATE UNIQUE INDEX "SYSOUT"."SCHEDULE_PK" ON "SYSOUT"."SCHEDULE" ("SCHEDULE_NUM") 
  PCTFREE 10 INITRANS 2 MAXTRANS 255 COMPUTE STATISTICS 
  STORAGE(INITIAL 65536 NEXT 1048576 MINEXTENTS 1 MAXEXTENTS 2147483645
  PCTINCREASE 0 FREELISTS 1 FREELIST GROUPS 1 BUFFER_POOL DEFAULT FLASH_CACHE DEFAULT CELL_FLASH_CACHE DEFAULT)
  TABLESPACE "SYSTEM" ;
--------------------------------------------------------
--  DDL for Index UK_ADMIN_BIRTH
--------------------------------------------------------

  CREATE UNIQUE INDEX "SYSOUT"."UK_ADMIN_BIRTH" ON "SYSOUT"."ADMIN" ("ADMIN_BIRTH") 
  PCTFREE 10 INITRANS 2 MAXTRANS 255 COMPUTE STATISTICS 
  STORAGE(INITIAL 65536 NEXT 1048576 MINEXTENTS 1 MAXEXTENTS 2147483645
  PCTINCREASE 0 FREELISTS 1 FREELIST GROUPS 1 BUFFER_POOL DEFAULT FLASH_CACHE DEFAULT CELL_FLASH_CACHE DEFAULT)
  TABLESPACE "SYSTEM" ;
--------------------------------------------------------
--  DDL for Index UK_DOC_BIRTH
--------------------------------------------------------

  CREATE UNIQUE INDEX "SYSOUT"."UK_DOC_BIRTH" ON "SYSOUT"."DOCTOR" ("DOC_BIRTH") 
  PCTFREE 10 INITRANS 2 MAXTRANS 255 COMPUTE STATISTICS 
  STORAGE(INITIAL 65536 NEXT 1048576 MINEXTENTS 1 MAXEXTENTS 2147483645
  PCTINCREASE 0 FREELISTS 1 FREELIST GROUPS 1 BUFFER_POOL DEFAULT FLASH_CACHE DEFAULT CELL_FLASH_CACHE DEFAULT)
  TABLESPACE "SYSTEM" ;
--------------------------------------------------------
--  DDL for Index UK_MEM_BIRTH
--------------------------------------------------------

  CREATE UNIQUE INDEX "SYSOUT"."UK_MEM_BIRTH" ON "SYSOUT"."MEMBER" ("MEM_BIRTH") 
  PCTFREE 10 INITRANS 2 MAXTRANS 255 COMPUTE STATISTICS 
  STORAGE(INITIAL 65536 NEXT 1048576 MINEXTENTS 1 MAXEXTENTS 2147483645
  PCTINCREASE 0 FREELISTS 1 FREELIST GROUPS 1 BUFFER_POOL DEFAULT FLASH_CACHE DEFAULT CELL_FLASH_CACHE DEFAULT)
  TABLESPACE "SYSTEM" ;
--------------------------------------------------------
--  DDL for Index UK_MEM_PCODE
--------------------------------------------------------

  CREATE UNIQUE INDEX "SYSOUT"."UK_MEM_PCODE" ON "SYSOUT"."MEMBER" ("MEM_PCODE") 
  PCTFREE 10 INITRANS 2 MAXTRANS 255 COMPUTE STATISTICS 
  STORAGE(INITIAL 65536 NEXT 1048576 MINEXTENTS 1 MAXEXTENTS 2147483645
  PCTINCREASE 0 FREELISTS 1 FREELIST GROUPS 1 BUFFER_POOL DEFAULT FLASH_CACHE DEFAULT CELL_FLASH_CACHE DEFAULT)
  TABLESPACE "SYSTEM" ;
--------------------------------------------------------
--  Constraints for Table ADMIN
--------------------------------------------------------

  ALTER TABLE "SYSOUT"."ADMIN" ADD CONSTRAINT "PK_ADMIN" PRIMARY KEY ("ADMIN_CODE")
  USING INDEX PCTFREE 10 INITRANS 2 MAXTRANS 255 COMPUTE STATISTICS 
  STORAGE(INITIAL 65536 NEXT 1048576 MINEXTENTS 1 MAXEXTENTS 2147483645
  PCTINCREASE 0 FREELISTS 1 FREELIST GROUPS 1 BUFFER_POOL DEFAULT FLASH_CACHE DEFAULT CELL_FLASH_CACHE DEFAULT)
  TABLESPACE "SYSTEM"  ENABLE;
 
  ALTER TABLE "SYSOUT"."ADMIN" MODIFY ("ADMIN_CODE" NOT NULL ENABLE);
 
  ALTER TABLE "SYSOUT"."ADMIN" MODIFY ("ADMIN_PWD" NOT NULL ENABLE);
 
  ALTER TABLE "SYSOUT"."ADMIN" MODIFY ("ADMIN_NAME" NOT NULL ENABLE);
 
  ALTER TABLE "SYSOUT"."ADMIN" MODIFY ("ADMIN_ADDR" NOT NULL ENABLE);
 
  ALTER TABLE "SYSOUT"."ADMIN" MODIFY ("ADMIN_PHONE" NOT NULL ENABLE);
 
  ALTER TABLE "SYSOUT"."ADMIN" MODIFY ("ADMIN_EMAIL" NOT NULL ENABLE);
 
  ALTER TABLE "SYSOUT"."ADMIN" MODIFY ("ADMIN_REG_DATE" NOT NULL ENABLE);
 
  ALTER TABLE "SYSOUT"."ADMIN" MODIFY ("ADMIN_BIRTH" NOT NULL ENABLE);
 
  ALTER TABLE "SYSOUT"."ADMIN" MODIFY ("ADMIN_USE_YN" NOT NULL ENABLE);
 
  ALTER TABLE "SYSOUT"."ADMIN" ADD CONSTRAINT "UK_ADMIN_BIRTH" UNIQUE ("ADMIN_BIRTH")
  USING INDEX PCTFREE 10 INITRANS 2 MAXTRANS 255 COMPUTE STATISTICS 
  STORAGE(INITIAL 65536 NEXT 1048576 MINEXTENTS 1 MAXEXTENTS 2147483645
  PCTINCREASE 0 FREELISTS 1 FREELIST GROUPS 1 BUFFER_POOL DEFAULT FLASH_CACHE DEFAULT CELL_FLASH_CACHE DEFAULT)
  TABLESPACE "SYSTEM"  ENABLE;
--------------------------------------------------------
--  Constraints for Table ADMIN_LOG
--------------------------------------------------------

  ALTER TABLE "SYSOUT"."ADMIN_LOG" ADD CONSTRAINT "PK_ADMIN_LOG" PRIMARY KEY ("LOG_NUM")
  USING INDEX PCTFREE 10 INITRANS 2 MAXTRANS 255 COMPUTE STATISTICS NOCOMPRESS LOGGING
  TABLESPACE "SYSTEM"  ENABLE;
 
  ALTER TABLE "SYSOUT"."ADMIN_LOG" MODIFY ("LOG_NUM" NOT NULL ENABLE);
 
  ALTER TABLE "SYSOUT"."ADMIN_LOG" MODIFY ("LOG_DATE" NOT NULL ENABLE);
 
  ALTER TABLE "SYSOUT"."ADMIN_LOG" MODIFY ("ADMIN_CODE" NOT NULL ENABLE);
--------------------------------------------------------
--  Constraints for Table DEPART
--------------------------------------------------------

  ALTER TABLE "SYSOUT"."DEPART" ADD CONSTRAINT "PK_DEPART" PRIMARY KEY ("DEPART_CODE")
  USING INDEX PCTFREE 10 INITRANS 2 MAXTRANS 255 COMPUTE STATISTICS 
  STORAGE(INITIAL 65536 NEXT 1048576 MINEXTENTS 1 MAXEXTENTS 2147483645
  PCTINCREASE 0 FREELISTS 1 FREELIST GROUPS 1 BUFFER_POOL DEFAULT FLASH_CACHE DEFAULT CELL_FLASH_CACHE DEFAULT)
  TABLESPACE "SYSTEM"  ENABLE;
 
  ALTER TABLE "SYSOUT"."DEPART" MODIFY ("DEPART_CODE" NOT NULL ENABLE);
 
  ALTER TABLE "SYSOUT"."DEPART" MODIFY ("DEPART_NAME" NOT NULL ENABLE);
 
  ALTER TABLE "SYSOUT"."DEPART" MODIFY ("DEPART_TEL" NOT NULL ENABLE);
--------------------------------------------------------
--  Constraints for Table DIAGNOSIS
--------------------------------------------------------

  ALTER TABLE "SYSOUT"."DIAGNOSIS" ADD CONSTRAINT "PK_DIAGNOSIS" PRIMARY KEY ("DIAG_NUM")
  USING INDEX PCTFREE 10 INITRANS 2 MAXTRANS 255 COMPUTE STATISTICS 
  STORAGE(INITIAL 65536 NEXT 1048576 MINEXTENTS 1 MAXEXTENTS 2147483645
  PCTINCREASE 0 FREELISTS 1 FREELIST GROUPS 1 BUFFER_POOL DEFAULT FLASH_CACHE DEFAULT CELL_FLASH_CACHE DEFAULT)
  TABLESPACE "SYSTEM"  ENABLE;
 
  ALTER TABLE "SYSOUT"."DIAGNOSIS" MODIFY ("DIAG_NUM" NOT NULL ENABLE);
 
  ALTER TABLE "SYSOUT"."DIAGNOSIS" MODIFY ("MEM_PCODE" NOT NULL ENABLE);
 
  ALTER TABLE "SYSOUT"."DIAGNOSIS" MODIFY ("DOC_CODE" NOT NULL ENABLE);
 
  ALTER TABLE "SYSOUT"."DIAGNOSIS" MODIFY ("DIAG_DISEASE" NOT NULL ENABLE);
 
  ALTER TABLE "SYSOUT"."DIAGNOSIS" MODIFY ("DIAG_DATE" NOT NULL ENABLE);
 
  ALTER TABLE "SYSOUT"."DIAGNOSIS" MODIFY ("RESERV_NUM" NOT NULL ENABLE);
--------------------------------------------------------
--  Constraints for Table DOCTOR
--------------------------------------------------------

  ALTER TABLE "SYSOUT"."DOCTOR" ADD CONSTRAINT "PK_DOCTOR" PRIMARY KEY ("DOC_CODE")
  USING INDEX PCTFREE 10 INITRANS 2 MAXTRANS 255 COMPUTE STATISTICS 
  STORAGE(INITIAL 65536 NEXT 1048576 MINEXTENTS 1 MAXEXTENTS 2147483645
  PCTINCREASE 0 FREELISTS 1 FREELIST GROUPS 1 BUFFER_POOL DEFAULT FLASH_CACHE DEFAULT CELL_FLASH_CACHE DEFAULT)
  TABLESPACE "SYSTEM"  ENABLE;
 
  ALTER TABLE "SYSOUT"."DOCTOR" MODIFY ("DOC_CODE" NOT NULL ENABLE);
 
  ALTER TABLE "SYSOUT"."DOCTOR" MODIFY ("DOC_PWD" NOT NULL ENABLE);
 
  ALTER TABLE "SYSOUT"."DOCTOR" MODIFY ("DOC_NAME" NOT NULL ENABLE);
 
  ALTER TABLE "SYSOUT"."DOCTOR" MODIFY ("DOC_ADDR" NOT NULL ENABLE);
 
  ALTER TABLE "SYSOUT"."DOCTOR" MODIFY ("DOC_PHONE" NOT NULL ENABLE);
 
  ALTER TABLE "SYSOUT"."DOCTOR" MODIFY ("DOC_EMAIL" NOT NULL ENABLE);
 
  ALTER TABLE "SYSOUT"."DOCTOR" MODIFY ("DOC_REG_DATE" NOT NULL ENABLE);
 
  ALTER TABLE "SYSOUT"."DOCTOR" MODIFY ("DOC_BIRTH" NOT NULL ENABLE);
 
  ALTER TABLE "SYSOUT"."DOCTOR" MODIFY ("DEPART_CODE" NOT NULL ENABLE);
 
  ALTER TABLE "SYSOUT"."DOCTOR" MODIFY ("DOC_USE_YN" NOT NULL ENABLE);
 
  ALTER TABLE "SYSOUT"."DOCTOR" ADD CONSTRAINT "UK_DOC_BIRTH" UNIQUE ("DOC_BIRTH")
  USING INDEX PCTFREE 10 INITRANS 2 MAXTRANS 255 COMPUTE STATISTICS 
  STORAGE(INITIAL 65536 NEXT 1048576 MINEXTENTS 1 MAXEXTENTS 2147483645
  PCTINCREASE 0 FREELISTS 1 FREELIST GROUPS 1 BUFFER_POOL DEFAULT FLASH_CACHE DEFAULT CELL_FLASH_CACHE DEFAULT)
  TABLESPACE "SYSTEM"  ENABLE;
--------------------------------------------------------
--  Constraints for Table MEMBER
--------------------------------------------------------

  ALTER TABLE "SYSOUT"."MEMBER" ADD CONSTRAINT "PK_MEMBER" PRIMARY KEY ("MEM_ID")
  USING INDEX PCTFREE 10 INITRANS 2 MAXTRANS 255 COMPUTE STATISTICS 
  STORAGE(INITIAL 65536 NEXT 1048576 MINEXTENTS 1 MAXEXTENTS 2147483645
  PCTINCREASE 0 FREELISTS 1 FREELIST GROUPS 1 BUFFER_POOL DEFAULT FLASH_CACHE DEFAULT CELL_FLASH_CACHE DEFAULT)
  TABLESPACE "SYSTEM"  ENABLE;
 
  ALTER TABLE "SYSOUT"."MEMBER" MODIFY ("MEM_ID" NOT NULL ENABLE);
 
  ALTER TABLE "SYSOUT"."MEMBER" MODIFY ("MEM_PWD" NOT NULL ENABLE);
 
  ALTER TABLE "SYSOUT"."MEMBER" MODIFY ("MEM_NAME" NOT NULL ENABLE);
 
  ALTER TABLE "SYSOUT"."MEMBER" MODIFY ("MEM_ADDR" NOT NULL ENABLE);
 
  ALTER TABLE "SYSOUT"."MEMBER" MODIFY ("MEM_PHONE" NOT NULL ENABLE);
 
  ALTER TABLE "SYSOUT"."MEMBER" MODIFY ("MEM_EMAIL" NOT NULL ENABLE);
 
  ALTER TABLE "SYSOUT"."MEMBER" MODIFY ("MEM_REG_DATE" NOT NULL ENABLE);
 
  ALTER TABLE "SYSOUT"."MEMBER" MODIFY ("MEM_BIRTH" NOT NULL ENABLE);
 
  ALTER TABLE "SYSOUT"."MEMBER" MODIFY ("MEM_USE_YN" NOT NULL ENABLE);
 
  ALTER TABLE "SYSOUT"."MEMBER" MODIFY ("MEM_PCODE" NOT NULL ENABLE);
 
  ALTER TABLE "SYSOUT"."MEMBER" ADD CONSTRAINT "UK_MEM_BIRTH" UNIQUE ("MEM_BIRTH")
  USING INDEX PCTFREE 10 INITRANS 2 MAXTRANS 255 COMPUTE STATISTICS 
  STORAGE(INITIAL 65536 NEXT 1048576 MINEXTENTS 1 MAXEXTENTS 2147483645
  PCTINCREASE 0 FREELISTS 1 FREELIST GROUPS 1 BUFFER_POOL DEFAULT FLASH_CACHE DEFAULT CELL_FLASH_CACHE DEFAULT)
  TABLESPACE "SYSTEM"  ENABLE;
 
  ALTER TABLE "SYSOUT"."MEMBER" ADD CONSTRAINT "UK_MEM_PCODE" UNIQUE ("MEM_PCODE")
  USING INDEX PCTFREE 10 INITRANS 2 MAXTRANS 255 COMPUTE STATISTICS 
  STORAGE(INITIAL 65536 NEXT 1048576 MINEXTENTS 1 MAXEXTENTS 2147483645
  PCTINCREASE 0 FREELISTS 1 FREELIST GROUPS 1 BUFFER_POOL DEFAULT FLASH_CACHE DEFAULT CELL_FLASH_CACHE DEFAULT)
  TABLESPACE "SYSTEM"  ENABLE;
--------------------------------------------------------
--  Constraints for Table NOTICE
--------------------------------------------------------

  ALTER TABLE "SYSOUT"."NOTICE" ADD CONSTRAINT "PK_NOTICE" PRIMARY KEY ("NOTICE_NUM")
  USING INDEX PCTFREE 10 INITRANS 2 MAXTRANS 255 COMPUTE STATISTICS 
  STORAGE(INITIAL 65536 NEXT 1048576 MINEXTENTS 1 MAXEXTENTS 2147483645
  PCTINCREASE 0 FREELISTS 1 FREELIST GROUPS 1 BUFFER_POOL DEFAULT FLASH_CACHE DEFAULT CELL_FLASH_CACHE DEFAULT)
  TABLESPACE "SYSTEM"  ENABLE;
 
  ALTER TABLE "SYSOUT"."NOTICE" MODIFY ("NOTICE_NUM" NOT NULL ENABLE);
 
  ALTER TABLE "SYSOUT"."NOTICE" MODIFY ("ADMIN_CODE" NOT NULL ENABLE);
 
  ALTER TABLE "SYSOUT"."NOTICE" MODIFY ("NOTICE_TITLE" NOT NULL ENABLE);
 
  ALTER TABLE "SYSOUT"."NOTICE" MODIFY ("NOTICE_REG_DATE" NOT NULL ENABLE);
 
  ALTER TABLE "SYSOUT"."NOTICE" MODIFY ("NOTICE_HIT" NOT NULL ENABLE);
 
  ALTER TABLE "SYSOUT"."NOTICE" MODIFY ("NOTICE_CONTENT" NOT NULL ENABLE);
--------------------------------------------------------
--  Constraints for Table QNA
--------------------------------------------------------

  ALTER TABLE "SYSOUT"."QNA" ADD CONSTRAINT "PK_QNA" PRIMARY KEY ("QNA_NUM")
  USING INDEX PCTFREE 10 INITRANS 2 MAXTRANS 255 COMPUTE STATISTICS 
  STORAGE(INITIAL 65536 NEXT 1048576 MINEXTENTS 1 MAXEXTENTS 2147483645
  PCTINCREASE 0 FREELISTS 1 FREELIST GROUPS 1 BUFFER_POOL DEFAULT FLASH_CACHE DEFAULT CELL_FLASH_CACHE DEFAULT)
  TABLESPACE "SYSTEM"  ENABLE;
 
  ALTER TABLE "SYSOUT"."QNA" MODIFY ("QNA_NUM" NOT NULL ENABLE);
 
  ALTER TABLE "SYSOUT"."QNA" MODIFY ("MEM_ID" NOT NULL ENABLE);
 
  ALTER TABLE "SYSOUT"."QNA" MODIFY ("QNA_TITLE" NOT NULL ENABLE);
 
  ALTER TABLE "SYSOUT"."QNA" MODIFY ("QNA_REG_DATE" NOT NULL ENABLE);
 
  ALTER TABLE "SYSOUT"."QNA" MODIFY ("QNA_STATUS" NOT NULL ENABLE);
 
  ALTER TABLE "SYSOUT"."QNA" MODIFY ("QNA_OPEN_YN" NOT NULL ENABLE);
 
  ALTER TABLE "SYSOUT"."QNA" MODIFY ("QNA_HIT" NOT NULL ENABLE);
 
  ALTER TABLE "SYSOUT"."QNA" MODIFY ("QNA_CONTENT" NOT NULL ENABLE);
--------------------------------------------------------
--  Constraints for Table QNA_ANSWER
--------------------------------------------------------

  ALTER TABLE "SYSOUT"."QNA_ANSWER" ADD CONSTRAINT "PK_QNA_ANSWER" PRIMARY KEY ("ANSWER_NUM")
  USING INDEX PCTFREE 10 INITRANS 2 MAXTRANS 255 COMPUTE STATISTICS 
  STORAGE(INITIAL 65536 NEXT 1048576 MINEXTENTS 1 MAXEXTENTS 2147483645
  PCTINCREASE 0 FREELISTS 1 FREELIST GROUPS 1 BUFFER_POOL DEFAULT FLASH_CACHE DEFAULT CELL_FLASH_CACHE DEFAULT)
  TABLESPACE "SYSTEM"  ENABLE;
 
  ALTER TABLE "SYSOUT"."QNA_ANSWER" MODIFY ("ANSWER_NUM" NOT NULL ENABLE);
 
  ALTER TABLE "SYSOUT"."QNA_ANSWER" MODIFY ("QNA_NUM" NOT NULL ENABLE);
 
  ALTER TABLE "SYSOUT"."QNA_ANSWER" MODIFY ("ANSWER_CONTENT" NOT NULL ENABLE);
--------------------------------------------------------
--  Constraints for Table RESERVATION
--------------------------------------------------------

  ALTER TABLE "SYSOUT"."RESERVATION" ADD CONSTRAINT "PK_RESERVATION" PRIMARY KEY ("RESERV_NUM")
  USING INDEX PCTFREE 10 INITRANS 2 MAXTRANS 255 COMPUTE STATISTICS 
  STORAGE(INITIAL 65536 NEXT 1048576 MINEXTENTS 1 MAXEXTENTS 2147483645
  PCTINCREASE 0 FREELISTS 1 FREELIST GROUPS 1 BUFFER_POOL DEFAULT FLASH_CACHE DEFAULT CELL_FLASH_CACHE DEFAULT)
  TABLESPACE "SYSTEM"  ENABLE;
 
  ALTER TABLE "SYSOUT"."RESERVATION" MODIFY ("RESERV_NUM" NOT NULL ENABLE);
 
  ALTER TABLE "SYSOUT"."RESERVATION" MODIFY ("RESERV_DATE" NOT NULL ENABLE);
 
  ALTER TABLE "SYSOUT"."RESERVATION" MODIFY ("DOC_CODE" NOT NULL ENABLE);
 
  ALTER TABLE "SYSOUT"."RESERVATION" MODIFY ("RESERV_STATUS" NOT NULL ENABLE);
--------------------------------------------------------
--  Constraints for Table SCHEDULE
--------------------------------------------------------

  ALTER TABLE "SYSOUT"."SCHEDULE" ADD CONSTRAINT "SCHEDULE_PK" PRIMARY KEY ("SCHEDULE_NUM")
  USING INDEX PCTFREE 10 INITRANS 2 MAXTRANS 255 COMPUTE STATISTICS 
  STORAGE(INITIAL 65536 NEXT 1048576 MINEXTENTS 1 MAXEXTENTS 2147483645
  PCTINCREASE 0 FREELISTS 1 FREELIST GROUPS 1 BUFFER_POOL DEFAULT FLASH_CACHE DEFAULT CELL_FLASH_CACHE DEFAULT)
  TABLESPACE "SYSTEM"  ENABLE;
 
  ALTER TABLE "SYSOUT"."SCHEDULE" MODIFY ("SCHEDULE_NUM" NOT NULL ENABLE);
 
  ALTER TABLE "SYSOUT"."SCHEDULE" MODIFY ("SCHEDULE_REG_DATE" NOT NULL ENABLE);
 
  ALTER TABLE "SYSOUT"."SCHEDULE" MODIFY ("SCHEDULE_START_DATE" NOT NULL ENABLE);
 
  ALTER TABLE "SYSOUT"."SCHEDULE" MODIFY ("SCHEDULE_END_DATE" NOT NULL ENABLE);
 
  ALTER TABLE "SYSOUT"."SCHEDULE" MODIFY ("DOC_CODE" NOT NULL ENABLE);
 
  ALTER TABLE "SYSOUT"."SCHEDULE" MODIFY ("SCHEDULE_PERMIT_YN" NOT NULL ENABLE);
 
  ALTER TABLE "SYSOUT"."SCHEDULE" MODIFY ("SCHEDULE_DEL_YN" NOT NULL ENABLE);
--------------------------------------------------------
--  Ref Constraints for Table ADMIN_LOG
--------------------------------------------------------

  ALTER TABLE "SYSOUT"."ADMIN_LOG" ADD CONSTRAINT "FK_ADMIN_TO_ADMIN_LOG" FOREIGN KEY ("ADMIN_CODE")
	  REFERENCES "SYSOUT"."ADMIN" ("ADMIN_CODE") ENABLE;
--------------------------------------------------------
--  Ref Constraints for Table DIAGNOSIS
--------------------------------------------------------

  ALTER TABLE "SYSOUT"."DIAGNOSIS" ADD CONSTRAINT "FK_DIAG_PCODE" FOREIGN KEY ("MEM_PCODE")
	  REFERENCES "SYSOUT"."MEMBER" ("MEM_PCODE") ENABLE;
 
  ALTER TABLE "SYSOUT"."DIAGNOSIS" ADD CONSTRAINT "FK_DOCTOR_TO_DIAGNOSIS" FOREIGN KEY ("DOC_CODE")
	  REFERENCES "SYSOUT"."DOCTOR" ("DOC_CODE") ENABLE;
 
  ALTER TABLE "SYSOUT"."DIAGNOSIS" ADD CONSTRAINT "FK_RESERV_NUM" FOREIGN KEY ("RESERV_NUM")
	  REFERENCES "SYSOUT"."RESERVATION" ("RESERV_NUM") ENABLE;
--------------------------------------------------------
--  Ref Constraints for Table DOCTOR
--------------------------------------------------------

  ALTER TABLE "SYSOUT"."DOCTOR" ADD CONSTRAINT "FK_DEPART_TO_DOCTOR" FOREIGN KEY ("DEPART_CODE")
	  REFERENCES "SYSOUT"."DEPART" ("DEPART_CODE") ENABLE NOVALIDATE;
--------------------------------------------------------
--  Ref Constraints for Table NOTICE
--------------------------------------------------------

  ALTER TABLE "SYSOUT"."NOTICE" ADD CONSTRAINT "FK_ADMIN_TO_NOTICE" FOREIGN KEY ("ADMIN_CODE")
	  REFERENCES "SYSOUT"."ADMIN" ("ADMIN_CODE") ENABLE NOVALIDATE;
--------------------------------------------------------
--  Ref Constraints for Table QNA
--------------------------------------------------------

  ALTER TABLE "SYSOUT"."QNA" ADD CONSTRAINT "FK_MEMBER_TO_QNA" FOREIGN KEY ("MEM_ID")
	  REFERENCES "SYSOUT"."MEMBER" ("MEM_ID") ENABLE NOVALIDATE;
--------------------------------------------------------
--  Ref Constraints for Table QNA_ANSWER
--------------------------------------------------------

  ALTER TABLE "SYSOUT"."QNA_ANSWER" ADD CONSTRAINT "FK_QNA_TO_QNA_ANSWER" FOREIGN KEY ("QNA_NUM")
	  REFERENCES "SYSOUT"."QNA" ("QNA_NUM") ENABLE NOVALIDATE;
--------------------------------------------------------
--  Ref Constraints for Table RESERVATION
--------------------------------------------------------

  ALTER TABLE "SYSOUT"."RESERVATION" ADD CONSTRAINT "FK_DOCTOR_TO_RESERVATION" FOREIGN KEY ("DOC_CODE")
	  REFERENCES "SYSOUT"."DOCTOR" ("DOC_CODE") ENABLE NOVALIDATE;
 
  ALTER TABLE "SYSOUT"."RESERVATION" ADD CONSTRAINT "FK_RESERV_PCODE" FOREIGN KEY ("MEM_PCODE")
	  REFERENCES "SYSOUT"."MEMBER" ("MEM_PCODE") ENABLE NOVALIDATE;
--------------------------------------------------------
--  Ref Constraints for Table SCHEDULE
--------------------------------------------------------

  ALTER TABLE "SYSOUT"."SCHEDULE" ADD CONSTRAINT "FK_DOCTOR_TO_SCHEDULE" FOREIGN KEY ("DOC_CODE")
	  REFERENCES "SYSOUT"."DOCTOR" ("DOC_CODE") ENABLE NOVALIDATE;
--------------------------------------------------------
--  DDL for Procedure CHANGE_RESERV
--------------------------------------------------------
set define off;

  CREATE OR REPLACE PROCEDURE "SYSOUT"."CHANGE_RESERV" 
is
  change_status VARCHAR2(12);
BEGIN
  change_status := '진료대기';
  update reservation
  set reserv_status = change_status
  where reserv_date < sysdate;
end;

--exec change_reserv;

/
